uid,email,age,product_name,product_type,quantity,purchase_price,purchase_date,purchase_address,long,lat
evek1lrur3le1s8rcqie8r6auwqj,e57wv@gmail.com,56.0,GD GCPN 250ML,minuman manis,1,7700.0,2024-09-17,,110.43611714217,-0.772821951355521
kpyk3qgpuefvd4b9h4eszricpdcm,yqj8w@gmail.com,44.0,TESSA FAC LOONEY TP3,personal hygiene,1,7500.0,2024-06-22,,110.435579106906,-0.772541064363005
h7bl25tl25m3tlkejl2l66wt7d3w,op6wj@gmail.com,21.0,KUSUKA LH 60G,makanan gurih,4,6500.0,2024-07-15,,110.435436986626,-0.774229668959178
0zibfx7nflamwhywmxj8k7tmf85c,scqai@gmail.com,56.0,AQUA AIR MINERAL 600,minuman sehat,1,3500.0,2024-11-13,,110.435510824198,-0.772882341377351
ftqoyk4fq7213ga30sh03yek1eha,4zvdi@gmail.com,58.0,POKKA GRN TEA NS 450,minuman sehat,4,10200.0,2024-05-24,,110.434134970364,-0.774153276989256
aocoaouae82a2n4njs23s5la63b3,smjmc@gmail.com,26.0,GG SURYA 12,produk dewasa,3,27200.0,2024-09-13,,110.435041383445,-0.773947846894077
em1tb069kkesc17xqiv3cgw7fso4,628ho@gmail.com,52.0,KUSUKA LH 60G,makanan gurih,4,6500.0,2024-01-15,,110.437096315988,-0.774232456439411
e7lwzpqywdlsu75v0oz4zipe2kou,q6lre@gmail.com,28.0,GATSBY CLG. D/OCN. 175,personal hygiene,4,22000.0,2024-03-13,,110.436069365991,-0.773092224851385
pahle977w7o5yn949h2w4a7ipaku,e536m@gmail.com,17.0,CIMORY BLYC120G,minuman manis,1,8500.0,2024-03-06,,110.436569464822,-0.773790940866465
uihyr2cfbb3wc756zw8aqapxuik1,24mpd@gmail.com,37.0,TESSA FAC LOONEY TP3,personal hygiene,3,7500.0,2024-07-31,,110.436067866383,-0.773713421069531
ixjzypetoch9df2f26ne1d1oyi0m,e4io4@gmail.com,27.0,GATSBY CLG. D/OCN. 175,personal hygiene,4,22000.0,2024-11-17,,110.434532750851,-0.774253958006928
em1tb069kkesc17xqiv3cgw7fso4,628ho@gmail.com,52.0,B/P MANGGA HARUM MNS,makanan manis,1,10000.0,2024-05-04,,110.436139176979,-0.773809548238112
8d42f43dejwi6vygfm57ql8rr5vu,kdaox@gmail.com,27.0,KANZER BAKSO HOT 55G,makanan gurih,3,9000.0,2024-04-29,,110.437254101261,-0.773698014994284
q05g8vwfj98zwvz4vcduuxshs78j,hfxlf@gmail.com,51.0,TEREA PRPL WAVE 20S,unknown,4,30000.0,2024-11-04,,110.436672135805,-0.773316398138639
nzp2s5tjkru93kokd0l8wptr27yb,ymfe7@gmail.com,48.0,INDF IC RB RD VLT55,makanan pokok,1,4500.0,2024-11-30,,110.436604724856,-0.773521095438341
3j4yjipbdx5hp30phw2be28hq8hy,f059w@gmail.com,37.0,YUPI NEON 45G,makanan manis,1,5500.0,2024-07-19,,110.435528358855,-0.774316532194993
ydicxxezpopgwztsf2rhx3ito7wm,jxtcn@gmail.com,18.0,BENG2 SHARE 10S,makanan manis,4,16400.0,2024-09-04,,110.436266430748,-0.773362861506762
tys4ius4051q5y9478lz46zpmsk6,72df4@gmail.com,55.0,WETZ WIPES 30 GRNTEA,personal hygiene,2,17900.0,2024-04-25,,110.434702944278,-0.774456414949549
ka7t9nmqeli0r4f0hx4dwvmnxrbi,tqbho@gmail.com,24.0,ICHITAN MLK BRWN 300,minuman manis,4,9900.0,2024-01-30,,110.435919740208,-0.773172427257518
ss3spq1j1wrxgc8akuc6k9q7920r,xkeso@gmail.com,47.0,IDM KCNG BUMBU 150G,makanan pokok,3,9900.0,2024-06-18,,110.435985550837,-0.773322929699518
aocoaouae82a2n4njs23s5la63b3,smjmc@gmail.com,26.0,KANZER BAKSO HOT 55G,makanan gurih,3,9000.0,2024-05-04,,110.436600791851,-0.774243908680344
yc3b5tfmztyxia0hutaet44qe1k8,ai252@gmail.com,53.0,SQ GREENTEA 22G,makanan manis,1,13400.0,2024-01-06,,110.43531407656,-0.773851439292411
5ryba8186lg2epoi1sx71m5kalg2,65laz@gmail.com,28.0,KUSUKA LH 60G,makanan gurih,2,6500.0,2024-07-10,,110.435592834791,-0.77285658213345
6wtz0wtxonv5hukq3vq4l3c278ve,vaqyk@gmail.com,54.0,CHUPA BELT 8G,makanan manis,4,3000.0,2024-12-10,,110.436684142198,-0.7730281680646
hjndlyr86db26a84nbi8pepcv2tx,16vtv@gmail.com,56.0,ICHITAN MLK BRWN 300,minuman manis,3,9900.0,2024-07-19,,110.437443979938,-0.774141457428156
gk6y6crohgh7wkidxzvec490udi6,xdte5@gmail.com,26.0,S.BRD TA CHOCO FLAT,makanan manis,3,10000.0,2024-07-30,,110.437432279833,-0.772606304916098
uihyr2cfbb3wc756zw8aqapxuik1,24mpd@gmail.com,37.0,CHUPA GUM FR11G,makanan manis,3,5500.0,2024-12-26,,110.436736937155,-0.773930319480172
jxfq3lbfoagfo1a7v4usk15fp1em,uuqsb@gmail.com,40.0,YUPI NEON 45G,makanan manis,4,5500.0,2024-04-13,,110.435554970795,-0.773058972291521
94plj3fnifeu7vfeewcte1phij5y,b3elr@gmail.com,55.0,CHUPA BELT 8G,makanan manis,4,3000.0,2024-05-02,,110.436183227282,-0.772430308791416
x5s1tvrt9eisxillo73kgsq8jpiw,mmd4d@gmail.com,16.0,KNZLER SNGLES ORG 65,makanan gurih,4,9000.0,2024-06-02,,110.436305460898,-0.773170009520986
yss2fpc6uiw0iyvqvtd2s9w4fcge,5mx7o@gmail.com,50.0,WETZ WIPES 30 GRNTEA,personal hygiene,4,17900.0,2024-04-13,,110.433799650002,-0.773804114305338
q05g8vwfj98zwvz4vcduuxshs78j,hfxlf@gmail.com,51.0,KP POLOS,unknown,1,500.0,2024-12-06,,110.435167153278,-0.773691450615783
iw80wae9vysd0qv1pjtdff7i44h1,0p2q9@gmail.com,54.0,ULTRA FC 250 ML,minuman manis,3,7500.0,2024-02-22,,110.434264821476,-0.774265259525064
hg3g6i8mq66w77gn3pgk9yvrebdh,mezij@gmail.com,52.0,POKKA GREEN TEA 450,minuman manis,1,7300.0,2024-09-23,,110.434568641918,-0.774059000190164
zmi3b75y9g5fbe58vxr6uk4ylxg8,66ogl@gmail.com,35.0,POKKA GREEN TEA 450,minuman manis,2,7300.0,2024-09-17,,110.435759283264,-0.773303114300025
its4ymdgljyis2fi21nd9thsk8wa,xj7rr@gmail.com,56.0,S.BRD TA CHOCO FLAT,makanan manis,3,10000.0,2024-05-19,,110.435318801658,-0.773290304264623
zl8qm1xffy476k5w4aitzvqeaxwy,8bezk@gmail.com,16.0,S.BRD TA POLO KEJU,makanan pokok,2,9000.0,2024-01-05,,110.435976775329,-0.774639147422454
ubtegdtnbvgptbo1xpnw4n2cez0a,wckoi@gmail.com,54.0,KNZLER SNGLES ORG 65,makanan gurih,3,9000.0,2024-10-28,,110.435512747741,-0.773537190360667
tvjq46og8i101ewtbojsykg6i5ni,byr1g@gmail.com,57.0,NIPISMADU 330ML,minuman manis,2,3900.0,2024-10-14,,110.435773690866,-0.773034430662174
5qnoytiyjqih5rv99mnwctq6n27t,whbfo@gmail.com,16.0,CIMORY BLYC120G,minuman manis,1,8500.0,2024-11-17,,110.435393781474,-0.773294750924135
e7lwzpqywdlsu75v0oz4zipe2kou,q6lre@gmail.com,28.0,NIPISMADU 330ML,minuman manis,1,3900.0,2024-01-13,,110.435514394479,-0.773055205191227
zpkfkf8b77gsk0wft62kdrghi4xq,9yqpv@gmail.com,47.0,MD ALMOND RING,makanan manis,2,7500.0,2024-04-04,,110.435394032639,-0.772518451121448
wke808om4hhgkz8ip5mgwtr0txae,ij53d@gmail.com,55.0,YUPI NEON 45G,makanan manis,3,5500.0,2024-08-01,,110.435514906224,-0.773169395485021
25ydozrmz5evh0ulljb3e7aluhnn,aaex2@gmail.com,39.0,KUSUKA LH 60G,makanan gurih,2,6500.0,2024-08-31,,110.436146572004,-0.773578680775903
ydicxxezpopgwztsf2rhx3ito7wm,jxtcn@gmail.com,18.0,ULTRA FC 250 ML,minuman manis,3,7500.0,2024-08-17,,110.43549934118,-0.773146974769987
ftqoyk4fq7213ga30sh03yek1eha,4zvdi@gmail.com,58.0,ICHITAN MLK BRWN 300,minuman manis,2,9900.0,2024-02-20,,110.436317095338,-0.772024251424247
gk6y6crohgh7wkidxzvec490udi6,xdte5@gmail.com,26.0,YUPI NEON 45G,makanan manis,1,5500.0,2024-05-02,,110.436600303745,-0.774117756101775
uihyr2cfbb3wc756zw8aqapxuik1,24mpd@gmail.com,37.0,RTE ONGR AY PDS,makanan gurih,1,10000.0,2024-02-16,,110.435655297532,-0.773278436109353
26km9x5uo6ry4da6gkgrnhdbai31,b76c7@gmail.com,56.0,KUSUKA LH 60G,makanan gurih,3,6500.0,2024-12-09,,110.435873074388,-0.77324025073003
n872xpenii4xxqlhgnjnll6xviy6,kwdp2@gmail.com,19.0,WETZ WIPES 30 GRNTEA,personal hygiene,1,17900.0,2024-01-21,,110.436669909742,-0.773188362857927
6tidoowx22vgaljjdbq9zvpw8ici,jzjkc@gmail.com,29.0,KNZLER SNGLES ORG 65,makanan gurih,2,9000.0,2024-08-21,,110.434958368192,-0.773781756751961
0zibfx7nflamwhywmxj8k7tmf85c,scqai@gmail.com,56.0,OREO ORIGINAL 119.5G,makanan manis,4,10000.0,2024-11-16,,110.435726085343,-0.773250846851062
q56zijscb8v81p5bjk6eggzf3b76,uf8lp@gmail.com,46.0,LEMNRL AIR600ML,minuman sehat,4,3700.0,2024-12-05,,110.435459205477,-0.772245457639026
wso4if5wvizwn3gklu4dq2d3b7y4,o2j5l@gmail.com,53.0,AQUA AIR MINERAL 600,minuman sehat,1,3500.0,2024-04-24,,110.434933566926,-0.772786616153118
0zeaaai29i3737vq10oj4wlwbsc8,4k7dd@gmail.com,47.0,TESSA FAC LOONEY TP3,personal hygiene,4,7500.0,2024-11-17,,110.434739603961,-0.772261138383138
lupvky4hklys5b5sikjrd5a3ldut,gnqt7@gmail.com,48.0,INDF IC RB RD VLT55,makanan pokok,4,4500.0,2024-08-10,,110.436741897562,-0.77439106321307
gk6y6crohgh7wkidxzvec490udi6,xdte5@gmail.com,26.0,SR TWR SPC,makanan pokok,2,15000.0,2024-05-12,,110.435405134538,-0.772769453554493
iw80wae9vysd0qv1pjtdff7i44h1,0p2q9@gmail.com,54.0,MD ALMOND RING,makanan manis,2,7500.0,2024-09-26,,110.437293571348,-0.7731742454276
842uk8dmirxl4rxwl5s6m6boautu,9fz2v@gmail.com,50.0,S.BRD TA POLO KEJU,makanan pokok,3,9000.0,2024-07-07,,110.435606681563,-0.773238743971769
a0zr459ebcnatt72g96se9jszzid,nkh7o@gmail.com,35.0,INDF IC RB RD VLT55,makanan pokok,4,4500.0,2024-03-02,,110.436480615825,-0.771990308778468
x5s1tvrt9eisxillo73kgsq8jpiw,mmd4d@gmail.com,16.0,LEMNRL AIR600ML,minuman sehat,4,3700.0,2024-04-14,,110.437210814409,-0.772684262028359
zl8qm1xffy476k5w4aitzvqeaxwy,8bezk@gmail.com,16.0,S.BRD TA CHOCO FLAT,makanan manis,2,10000.0,2024-09-16,,110.43576494253,-0.773174354816407
tvjq46og8i101ewtbojsykg6i5ni,byr1g@gmail.com,57.0,AQUA AIR MINERAL 1500,minuman sehat,1,6600.0,2024-08-03,,110.43546615478,-0.773033306094998
zpkfkf8b77gsk0wft62kdrghi4xq,9yqpv@gmail.com,47.0,SQ GREENTEA 22G,makanan manis,2,13400.0,2024-01-11,,110.435963447635,-0.772779815778866
0zeaaai29i3737vq10oj4wlwbsc8,4k7dd@gmail.com,47.0,INDF IC RB RD VLT55,makanan pokok,2,4500.0,2024-09-07,,110.434659873326,-0.772990398806637
nzp2s5tjkru93kokd0l8wptr27yb,ymfe7@gmail.com,48.0,AQUA AIR MINERAL 1500,minuman sehat,2,6600.0,2024-07-02,,110.43683604351,-0.772623005550887
lgf2wkxftoxa4aip44rbhyyd7lks,ygbx4@gmail.com,55.0,AQUA AIR MINERAL 600,minuman sehat,4,3500.0,2024-01-11,,110.435042026988,-0.774127307246131
fnsi7etywup5uned0u2s1j9m60po,4lb4b@gmail.com,18.0,OREO ORIGINAL 119.5G,makanan manis,2,10000.0,2024-09-09,,110.435863839716,-0.773277949381361
14qezcf3sybmsfooo6bg6xt5byff,ulfqi@gmail.com,25.0,INDOMIE RDG 91G,makanan pokok,3,3100.0,2024-09-24,,110.435745444125,-0.773365210513453
8d42f43dejwi6vygfm57ql8rr5vu,kdaox@gmail.com,27.0,ULTRA FC 250 ML,minuman manis,2,7500.0,2024-02-13,,110.434828118062,-0.772916607148114
id4x78m5hyjovogxr61lbyppfu45,su5pt@gmail.com,29.0,SQ GREENTEA 22G,makanan manis,4,13400.0,2024-05-11,,110.436903491702,-0.773677638930442
0u9jhaabbtjmop736glbu208889f,ow0ny@gmail.com,48.0,WETZ WIPES 30 GRNTEA,personal hygiene,3,17900.0,2024-12-10,,110.434806126571,-0.772164287957038
14qezcf3sybmsfooo6bg6xt5byff,ulfqi@gmail.com,25.0,CHUPA BELT 8G,makanan manis,1,3000.0,2024-03-08,,110.436809361368,-0.773295126367707
vwgz1yxtelsye6ptwi8u9e2tppdj,oi5xs@gmail.com,34.0,GG SURYA CKT16,produk dewasa,2,36700.0,2024-10-03,,110.434525001155,-0.772530277584303
yc3b5tfmztyxia0hutaet44qe1k8,ai252@gmail.com,53.0,KUSUKA LH 60G,makanan gurih,2,6500.0,2024-04-08,,110.437556433817,-0.772870743677523
pamwi4vgfn2flrweia4ns2alnmff,3v311@gmail.com,22.0,LEMNRL AIR600ML,minuman sehat,3,3700.0,2024-08-12,,110.436096837521,-0.773708302926337
aocoaouae82a2n4njs23s5la63b3,smjmc@gmail.com,26.0,INDOMIE RDG 91G,makanan pokok,2,3100.0,2024-03-24,,110.437491151354,-0.772454671451071
0zeaaai29i3737vq10oj4wlwbsc8,4k7dd@gmail.com,47.0,GG SURYA 12,produk dewasa,2,27200.0,2024-03-30,,110.434090295174,-0.773913791686727
94plj3fnifeu7vfeewcte1phij5y,b3elr@gmail.com,55.0,KANZER BAKSO HOT 55G,makanan gurih,3,9000.0,2024-10-12,,110.434645267531,-0.774174490027862
gkq0rsrqluty56kutfgcoexfmf76,pzdj7@gmail.com,17.0,CHUPA GUM FR11G,makanan manis,2,5500.0,2024-01-02,,110.43530934372,-0.772163884223935
m5abav66glikph7l6dd5dpvsk7tu,vhx40@gmail.com,18.0,GG SURYA CKT16,produk dewasa,3,36700.0,2024-10-19,,110.436186846121,-0.773173197101919
d7itim1uqngjk5gf881sh59wh2x3,umak9@gmail.com,58.0,CCBB STR STK 5S,makanan gurih,3,16800.0,2024-03-09,,110.434002423248,-0.773646351551515
aocoaouae82a2n4njs23s5la63b3,smjmc@gmail.com,26.0,ICHITAN MLK BRWN 300,minuman manis,3,9900.0,2024-02-07,,110.43464966214,-0.774455590423859
i4f9dghptxzvfvmbqzznu1479xxe,a8mh4@gmail.com,24.0,CHUPA BELT 8G,makanan manis,4,3000.0,2024-01-11,,110.436731896716,-0.772539819852446
gksvu1ysvmys8tn75gcevwb9ntlv,dqw5a@gmail.com,40.0,OREO ORIGINAL 119.5G,makanan manis,4,10000.0,2024-09-29,,110.436934758349,-0.773220193796895
25ydozrmz5evh0ulljb3e7aluhnn,aaex2@gmail.com,39.0,S.BRD TA CHOCO FLAT,makanan manis,4,10000.0,2024-09-13,,110.435319975988,-0.773128898297601
kxt4zhpmw9541v9e9a6a0s770r5o,35j1x@gmail.com,31.0,RTE ONGR AY PDS,makanan gurih,2,10000.0,2024-09-16,,110.435733319601,-0.772596506037833
ydicxxezpopgwztsf2rhx3ito7wm,jxtcn@gmail.com,18.0,NIPISMADU 330ML,minuman manis,4,3900.0,2024-02-26,,110.435302552027,-0.772194001098109
6wtz0wtxonv5hukq3vq4l3c278ve,vaqyk@gmail.com,54.0,KANZER BAKSO HOT 55G,makanan gurih,1,9000.0,2024-08-16,,110.436899577143,-0.773446936538959
x5s1tvrt9eisxillo73kgsq8jpiw,mmd4d@gmail.com,16.0,RTE ONGR AY PDS,makanan gurih,1,10000.0,2024-04-07,,110.434051077904,-0.772382330842401
jljk74mpvc5jieq4ze3flwrt8yot,nnmd3@gmail.com,25.0,INDOMIE RDG 91G,makanan pokok,2,3100.0,2024-12-20,,110.436982325829,-0.772954563215422
5qnoytiyjqih5rv99mnwctq6n27t,whbfo@gmail.com,16.0,OREO ORIGINAL 119.5G,makanan manis,2,10000.0,2024-03-22,,110.435498539497,-0.773289620512624
e7lwzpqywdlsu75v0oz4zipe2kou,q6lre@gmail.com,28.0,CCBB STR STK 5S,makanan gurih,2,16800.0,2024-02-23,,110.435990408694,-0.772933879922398
842uk8dmirxl4rxwl5s6m6boautu,9fz2v@gmail.com,50.0,POKKA GRN TEA NS 450,minuman sehat,3,10200.0,2024-08-18,,110.435134059859,-0.773409491717754
842uk8dmirxl4rxwl5s6m6boautu,9fz2v@gmail.com,50.0,GG SURYA 12,produk dewasa,1,27200.0,2024-03-25,,110.437291182555,-0.772142681692639
q05g8vwfj98zwvz4vcduuxshs78j,hfxlf@gmail.com,51.0,SR TWR SPC,makanan pokok,3,15000.0,2024-12-03,,110.436988111901,-0.772197640863188
lgf2wkxftoxa4aip44rbhyyd7lks,ygbx4@gmail.com,55.0,GG SURYA 12,produk dewasa,1,27200.0,2024-01-26,,110.435026808834,-0.773266008420918
y9125ul5wsjatspzrfovvg68p9u9,bonlg@gmail.com,46.0,ICHITAN MLK BRWN 300,minuman manis,4,9900.0,2024-05-15,,110.4348539611,-0.774148035627695
14qezcf3sybmsfooo6bg6xt5byff,ulfqi@gmail.com,25.0,AQUA AIR MINERAL 600,minuman sehat,1,3500.0,2024-06-21,,110.434163317124,-0.772218803719834
2ujmagarrrn00a32fdzg9ydom0c3,ua2cs@gmail.com,57.0,SR TWR SPC,makanan pokok,4,15000.0,2024-11-08,,110.435763439257,-0.773030442414318
gksvu1ysvmys8tn75gcevwb9ntlv,dqw5a@gmail.com,40.0,KUSUKA LH 60G,makanan gurih,2,6500.0,2024-05-08,,110.435586503655,-0.772118069916925
1mr9rc8su3g6493m0bt07l4ftp4z,ag1ar@gmail.com,26.0,INDF IC RB RD VLT55,makanan pokok,2,4500.0,2024-12-20,,110.436070888847,-0.773499826393135
m5abav66glikph7l6dd5dpvsk7tu,vhx40@gmail.com,18.0,KNZLER SNGLES ORG 65,makanan gurih,2,9000.0,2024-05-22,,110.436486312025,-0.772663927551792
heh59eq0i9p66b2keetfttfx8p6k,lx24z@gmail.com,37.0,S.BRD TA CHOCO FLAT,makanan manis,4,10000.0,2024-06-19,,110.435999135319,-0.773222417352296
3j4yjipbdx5hp30phw2be28hq8hy,f059w@gmail.com,37.0,GD GCPN 250ML,minuman manis,1,7700.0,2024-03-10,,110.433663065132,-0.773315187472343
6wtz0wtxonv5hukq3vq4l3c278ve,vaqyk@gmail.com,54.0,CIMORY BLYC120G,minuman manis,3,8500.0,2024-03-03,,110.435960572173,-0.773263727668179
v0hvneobxnt5h4qp9r3aiwu05w3g,adb2d@gmail.com,40.0,KNZLER SNGLES ORG 65,makanan gurih,3,9000.0,2024-12-12,,110.435724403441,-0.773218024840086
2ujmagarrrn00a32fdzg9ydom0c3,ua2cs@gmail.com,57.0,CHUPA BELT 8G,makanan manis,1,3000.0,2024-08-02,,110.437072787322,-0.773819706378587
pamwi4vgfn2flrweia4ns2alnmff,3v311@gmail.com,22.0,OREO ORIGINAL 119.5G,makanan manis,4,10000.0,2024-07-05,,110.435999235304,-0.774157339537017
fnsi7etywup5uned0u2s1j9m60po,4lb4b@gmail.com,18.0,GG SURYA 12,produk dewasa,2,27200.0,2024-08-30,,110.437033851216,-0.772782671279541
zl8qm1xffy476k5w4aitzvqeaxwy,8bezk@gmail.com,16.0,SQ GREENTEA 22G,makanan manis,1,13400.0,2024-05-10,,110.433957057271,-0.773613767460036
pahle977w7o5yn949h2w4a7ipaku,e536m@gmail.com,17.0,ICHITAN MLK BRWN 300,minuman manis,2,9900.0,2024-10-17,,110.434818268287,-0.773538613320443
gk6y6crohgh7wkidxzvec490udi6,xdte5@gmail.com,26.0,KUSUKA LH 60G,makanan gurih,3,6500.0,2024-05-22,,110.436418011573,-0.772201107511174
78v9qdm9101zuc5kbei4zhx1cvgg,g9lab@gmail.com,50.0,NIPISMADU 330ML,minuman manis,3,3900.0,2024-06-13,,110.436281495995,-0.772897530629693
hjndlyr86db26a84nbi8pepcv2tx,16vtv@gmail.com,56.0,S.BRD TA POLO KEJU,makanan pokok,1,9000.0,2024-08-15,,110.435761836037,-0.77286098820528
26km9x5uo6ry4da6gkgrnhdbai31,b76c7@gmail.com,56.0,CCBB STR STK 5S,makanan gurih,1,16800.0,2024-08-27,,110.434880112313,-0.773609393328649
zmi3b75y9g5fbe58vxr6uk4ylxg8,66ogl@gmail.com,35.0,ULTRA FC 250 ML,minuman manis,2,7500.0,2024-06-15,,110.435071948972,-0.774233103186932
x0wuxrrepw6vpp5ul08hb0ugkpa7,z7k5z@gmail.com,38.0,CHUPA BELT 8G,makanan manis,3,3000.0,2024-03-10,,110.434761723623,-0.773306210503989
lupvky4hklys5b5sikjrd5a3ldut,gnqt7@gmail.com,48.0,FOREST PCH480ML,minuman manis,1,9300.0,2024-11-13,,110.435354717323,-0.773076679537726
kpyk3qgpuefvd4b9h4eszricpdcm,yqj8w@gmail.com,44.0,NIPISMADU 330ML,minuman manis,2,3900.0,2024-10-05,,110.435950192286,-0.773331207386981
vi2nml74gpdbne8xee91iyvsaw40,22bg7@gmail.com,39.0,AQUA AIR MINERAL 1500,minuman sehat,4,6600.0,2024-06-22,,110.436229009241,-0.771712184875098
4fzevl9ot4d4qx3r9g4o1uq9foht,nuuek@gmail.com,35.0,GATSBY CLG. D/OCN. 175,personal hygiene,1,22000.0,2024-02-27,,110.435430230429,-0.773182276822714
o4qf9hk10zkcdi0kg46ezlo7w51u,mq7yl@gmail.com,17.0,YUPI NEON 45G,makanan manis,3,5500.0,2024-12-11,,110.43623816122,-0.77229431124613
wso4if5wvizwn3gklu4dq2d3b7y4,o2j5l@gmail.com,53.0,GD GCPN 250ML,minuman manis,1,7700.0,2024-08-13,,110.435928896605,-0.774191269641787
pahle977w7o5yn949h2w4a7ipaku,e536m@gmail.com,17.0,GD GCPN 250ML,minuman manis,4,7700.0,2024-11-11,,110.437219335355,-0.773401388490082
p8nnx389wwdrmjalfz0uwc09sbtz,sk41n@gmail.com,56.0,KNZLER SNGLES ORG 65,makanan gurih,1,9000.0,2024-07-08,,110.434665034662,-0.773891178690207
mj50w5tx6lj047iy84e67l2w609b,ayidb@gmail.com,25.0,RTE ONGR AY PDS,makanan gurih,1,10000.0,2024-02-22,,110.437432419272,-0.772774098118094
i4f9dghptxzvfvmbqzznu1479xxe,a8mh4@gmail.com,24.0,ULTRA FC 250 ML,minuman manis,1,7500.0,2024-06-27,,110.435788731286,-0.773133233044076
94plj3fnifeu7vfeewcte1phij5y,b3elr@gmail.com,55.0,KNZLR SGL GJ65G,makanan gurih,2,8900.0,2024-05-13,,110.435188553949,-0.772167188757128
vi2nml74gpdbne8xee91iyvsaw40,22bg7@gmail.com,39.0,MD ALMOND RING,makanan manis,3,7500.0,2024-08-20,,110.433996031924,-0.773608979511444
842uk8dmirxl4rxwl5s6m6boautu,9fz2v@gmail.com,50.0,TESSA FAC LOONEY TP3,personal hygiene,2,7500.0,2024-05-09,,110.43430914597,-0.774105085842141
h7bl25tl25m3tlkejl2l66wt7d3w,op6wj@gmail.com,21.0,KANZER BAKSO HOT 55G,makanan gurih,1,9000.0,2024-09-29,,110.433847994042,-0.773608210644529
73xxdxazt7g6vanswiujv3bnbbtg,t5bq5@gmail.com,18.0,KNZLER SNGLES ORG 65,makanan gurih,1,9000.0,2024-02-17,,110.434208950381,-0.772757366300243
yc3b5tfmztyxia0hutaet44qe1k8,ai252@gmail.com,53.0,BENG2 SHARE 10S,makanan manis,4,16400.0,2024-10-19,,110.435716679065,-0.77447359432315
zmi3b75y9g5fbe58vxr6uk4ylxg8,66ogl@gmail.com,35.0,B/P MANGGA HARUM MNS,makanan manis,2,10000.0,2024-08-08,,110.437340049984,-0.773187692626317
26km9x5uo6ry4da6gkgrnhdbai31,b76c7@gmail.com,56.0,GD GCPN 250ML,minuman manis,3,7700.0,2024-09-28,,110.434763850673,-0.77395392696313
5ryba8186lg2epoi1sx71m5kalg2,65laz@gmail.com,28.0,ICHITAN MLK BRWN 300,minuman manis,1,9900.0,2024-01-26,,110.435873661929,-0.774021767720193
4djfz17nhpr7oqmy2a3qrkne9s9v,wehjh@gmail.com,48.0,KUSUKA LH 60G,makanan gurih,3,6500.0,2024-09-04,,110.435105963078,-0.772332711285319
ydicxxezpopgwztsf2rhx3ito7wm,jxtcn@gmail.com,18.0,ICHITAN MLK BRWN 300,minuman manis,4,9900.0,2024-05-24,,110.435805056573,-0.773236954116915
vi2nml74gpdbne8xee91iyvsaw40,22bg7@gmail.com,39.0,S.BRD TA CHOCO FLAT,makanan manis,3,10000.0,2024-06-24,,110.434880087003,-0.772717077417575
gkq0rsrqluty56kutfgcoexfmf76,pzdj7@gmail.com,17.0,KNZLR SGL GJ65G,makanan gurih,3,8900.0,2024-01-28,,110.435713302353,-0.773267653124491
p8nnx389wwdrmjalfz0uwc09sbtz,sk41n@gmail.com,56.0,BENG2 SHARE 10S,makanan manis,1,16400.0,2024-04-17,,110.435781969258,-0.772990158934975
pkee6upe4erulwzc8rkjb8wxzelt,e4aq4@gmail.com,35.0,KUSUKA LH 60G,makanan gurih,2,6500.0,2024-07-20,,110.435350184962,-0.773086976808628
zpkfkf8b77gsk0wft62kdrghi4xq,9yqpv@gmail.com,47.0,NIPISMADU 330ML,minuman manis,4,3900.0,2024-08-31,,110.436865221031,-0.773053530012023
n872xpenii4xxqlhgnjnll6xviy6,kwdp2@gmail.com,19.0,KNZLR SGL GJ65G,makanan gurih,2,8900.0,2024-02-26,,110.434862768696,-0.773204008344478
gk6y6crohgh7wkidxzvec490udi6,xdte5@gmail.com,26.0,INDF IC RB RD VLT55,makanan pokok,4,4500.0,2024-04-23,,110.434794904282,-0.773503672707726
tys4ius4051q5y9478lz46zpmsk6,72df4@gmail.com,55.0,NIPISMADU 330ML,minuman manis,1,3900.0,2024-06-24,,110.437156143267,-0.774104557321238
q63zvaex2a4n9elv8cpyq1cnw099,e0v0a@gmail.com,18.0,ULTRA FC 250 ML,minuman manis,2,7500.0,2024-06-24,,110.435604810144,-0.773239848354302
i4f9dghptxzvfvmbqzznu1479xxe,a8mh4@gmail.com,24.0,INDOMIE RDG 91G,makanan pokok,3,3100.0,2024-04-10,,110.434645023797,-0.773309189064802
vi2nml74gpdbne8xee91iyvsaw40,22bg7@gmail.com,39.0,GG SURYA 12,produk dewasa,4,27200.0,2024-04-20,,110.434835615284,-0.772780362793474
vi2nml74gpdbne8xee91iyvsaw40,22bg7@gmail.com,39.0,S.BRD TA CHOCO FLAT,makanan manis,3,10000.0,2024-11-16,,110.436283004848,-0.774167012580542
q05g8vwfj98zwvz4vcduuxshs78j,hfxlf@gmail.com,51.0,TEREA PRPL WAVE 20S,unknown,1,30000.0,2024-01-21,,110.43600064233,-0.773174337221939
pahle977w7o5yn949h2w4a7ipaku,e536m@gmail.com,17.0,KP POLOS,unknown,1,500.0,2024-12-20,,110.435683921859,-0.773312200502667
ydicxxezpopgwztsf2rhx3ito7wm,jxtcn@gmail.com,18.0,AQUA AIR MINERAL 600,minuman sehat,2,3500.0,2024-10-27,,110.434740850145,-0.773568041424888
ixjzypetoch9df2f26ne1d1oyi0m,e4io4@gmail.com,27.0,FOREST PCH480ML,minuman manis,1,9300.0,2024-01-31,,110.436116940641,-0.773124844796218
25ydozrmz5evh0ulljb3e7aluhnn,aaex2@gmail.com,39.0,S.BRD TA POLO KEJU,makanan pokok,3,9000.0,2024-04-23,,110.435584952132,-0.773173238254771
evek1lrur3le1s8rcqie8r6auwqj,e57wv@gmail.com,56.0,FOREST PCH480ML,minuman manis,2,9300.0,2024-04-07,,110.435391393512,-0.773540822446672
fnsi7etywup5uned0u2s1j9m60po,4lb4b@gmail.com,18.0,KANZER BAKSO HOT 55G,makanan gurih,3,9000.0,2024-07-01,,110.435241122111,-0.773374308990175
v0hvneobxnt5h4qp9r3aiwu05w3g,adb2d@gmail.com,40.0,S.BRD TA CHOCO FLAT,makanan manis,4,10000.0,2024-05-11,,110.434945070451,-0.772617257586572
n10i9uzi9i1by7214cplxvwufevk,sfv48@gmail.com,40.0,CIMORY BLYC120G,minuman manis,4,8500.0,2024-04-19,,110.435699007419,-0.77321580906734
1mr9rc8su3g6493m0bt07l4ftp4z,ag1ar@gmail.com,26.0,ICHITAN MLK BRWN 300,minuman manis,3,9900.0,2024-03-28,,110.433763515816,-0.773464938817285
q4z8egbdkn3rdfk96dw9imxuyyzq,5b18h@gmail.com,40.0,AQUA AIR MINERAL 1500,minuman sehat,1,6600.0,2024-01-23,,110.437659919246,-0.772948658479713
tys4ius4051q5y9478lz46zpmsk6,72df4@gmail.com,55.0,INDF IC RB RD VLT55,makanan pokok,4,4500.0,2024-01-21,,110.435758781825,-0.77335113176288
5ryba8186lg2epoi1sx71m5kalg2,65laz@gmail.com,28.0,B/P MANGGA HARUM MNS,makanan manis,2,10000.0,2024-02-21,,110.436817174187,-0.773105516127698
4fzevl9ot4d4qx3r9g4o1uq9foht,nuuek@gmail.com,35.0,INDF IC RB RD VLT55,makanan pokok,1,4500.0,2024-08-16,,110.43555494959,-0.77181617448999
5qnoytiyjqih5rv99mnwctq6n27t,whbfo@gmail.com,16.0,AQUA AIR MINERAL 600,minuman sehat,1,3500.0,2024-09-01,,110.437137673797,-0.772873519968366
id4x78m5hyjovogxr61lbyppfu45,su5pt@gmail.com,29.0,IDM KCNG BUMBU 150G,makanan pokok,1,9900.0,2024-08-27,,110.435131540498,-0.773356513185413
wj5au3t05yauwn9h4q0pwmuc8l8n,mva7u@gmail.com,24.0,AQUA AIR MINERAL 600,minuman sehat,4,3500.0,2024-09-24,,110.4351381328,-0.772054941761084
pahle977w7o5yn949h2w4a7ipaku,e536m@gmail.com,17.0,CIMORY BLYC120G,minuman manis,3,8500.0,2024-04-20,,110.436134505103,-0.772004014069772
i4f9dghptxzvfvmbqzznu1479xxe,a8mh4@gmail.com,24.0,KUSUKA LH 60G,makanan gurih,1,6500.0,2024-04-25,,110.434280834862,-0.773141979404405
q4z8egbdkn3rdfk96dw9imxuyyzq,5b18h@gmail.com,40.0,WETZ WIPES 30 GRNTEA,personal hygiene,1,17900.0,2024-03-15,,110.436104928936,-0.771894931199726
aocoaouae82a2n4njs23s5la63b3,smjmc@gmail.com,26.0,ICHITAN MLK BRWN 300,minuman manis,3,9900.0,2024-06-23,,110.434494245652,-0.774143206849045
ka7t9nmqeli0r4f0hx4dwvmnxrbi,tqbho@gmail.com,24.0,SQ GREENTEA 22G,makanan manis,3,13400.0,2024-03-04,,110.435508771096,-0.772813671943734
cw43tqho5u4kfk9oz272fnbuqr9u,78c62@gmail.com,27.0,OREO ORIGINAL 119.5G,makanan manis,4,10000.0,2024-03-25,,110.436130931526,-0.772197879064777
3mgcbmi47h0g08n41vv912omzj0x,trqef@gmail.com,45.0,MD ALMOND RING,makanan manis,4,7500.0,2024-03-11,,110.437064504985,-0.774060461115331
hjndlyr86db26a84nbi8pepcv2tx,16vtv@gmail.com,56.0,ICHITAN MLK BRWN 300,minuman manis,4,9900.0,2024-09-12,,110.436079620329,-0.772710435578178
v0hvneobxnt5h4qp9r3aiwu05w3g,adb2d@gmail.com,40.0,INDF IC RB RD VLT55,makanan pokok,4,4500.0,2024-06-16,,110.437306475419,-0.772519388171811
ixjzypetoch9df2f26ne1d1oyi0m,e4io4@gmail.com,27.0,WETZ WIPES 30 GRNTEA,personal hygiene,4,17900.0,2024-05-08,,110.435094208481,-0.772196145920976
qvgf7xdeuqeeosgxrm8o3f2q7jht,spdkd@gmail.com,27.0,OREO ORIGINAL 119.5G,makanan manis,3,10000.0,2024-10-17,,110.434145998442,-0.774293176756414
uihyr2cfbb3wc756zw8aqapxuik1,24mpd@gmail.com,37.0,ULTRA FC 250 ML,minuman manis,3,7500.0,2024-05-30,,110.437019881142,-0.772766132899827
a0zr459ebcnatt72g96se9jszzid,nkh7o@gmail.com,35.0,LEMNRL AIR600ML,minuman sehat,2,3700.0,2024-03-10,,110.436323857693,-0.773580090663957
yc3b5tfmztyxia0hutaet44qe1k8,ai252@gmail.com,53.0,KUSUKA LH 60G,makanan gurih,2,6500.0,2024-09-05,,110.436612239069,-0.771879145857731
wso4if5wvizwn3gklu4dq2d3b7y4,o2j5l@gmail.com,53.0,CIMORY BLYC120G,minuman manis,1,8500.0,2024-06-15,,110.436799197398,-0.773762927759022
evek1lrur3le1s8rcqie8r6auwqj,e57wv@gmail.com,56.0,AQUA AIR MINERAL 1500,minuman sehat,3,6600.0,2024-09-23,,110.435351032382,-0.77180001411879
x5s1tvrt9eisxillo73kgsq8jpiw,mmd4d@gmail.com,16.0,IDM KCNG BUMBU 150G,makanan pokok,1,9900.0,2024-06-13,,110.436268687525,-0.77205024210726
iw80wae9vysd0qv1pjtdff7i44h1,0p2q9@gmail.com,54.0,TESSA FAC LOONEY TP3,personal hygiene,2,7500.0,2024-01-15,,110.43489566263,-0.774642764313605
6wtz0wtxonv5hukq3vq4l3c278ve,vaqyk@gmail.com,54.0,SR TWR SPC,makanan pokok,2,15000.0,2024-03-05,,110.435905127022,-0.773119526992675
o4qf9hk10zkcdi0kg46ezlo7w51u,mq7yl@gmail.com,17.0,AQUA AIR MINERAL 1500,minuman sehat,3,6600.0,2024-01-24,,110.436416969721,-0.773811311752338
gkq0rsrqluty56kutfgcoexfmf76,pzdj7@gmail.com,17.0,SR TWR SPC,makanan pokok,4,15000.0,2024-03-18,,110.436128078092,-0.773349366749098
lv62muh4jnpyuq3qmgkst6c156dm,3ozu3@gmail.com,15.0,NIPISMADU 330ML,minuman manis,4,3900.0,2024-01-13,,110.437032992039,-0.774255721017094
hl7fufmfhgotne6nk38b0qy5u2hv,1xgf8@gmail.com,41.0,S.BRD TA POLO KEJU,makanan pokok,3,9000.0,2024-08-07,,110.434742014733,-0.77191605461494
heh59eq0i9p66b2keetfttfx8p6k,lx24z@gmail.com,37.0,TEREA PRPL WAVE 20S,unknown,3,30000.0,2024-09-03,,110.436231715277,-0.773383393498001
73xxdxazt7g6vanswiujv3bnbbtg,t5bq5@gmail.com,18.0,GG SURYA 12,produk dewasa,1,27200.0,2024-08-09,,110.437014104688,-0.772197777626132
aocoaouae82a2n4njs23s5la63b3,smjmc@gmail.com,26.0,GG SURYA CKT16,produk dewasa,1,36700.0,2024-03-03,,110.435060806711,-0.772197357722915
ss3spq1j1wrxgc8akuc6k9q7920r,xkeso@gmail.com,47.0,BENG2 SHARE 10S,makanan manis,3,16400.0,2024-12-27,,110.435904087229,-0.772386453707708
gk6y6crohgh7wkidxzvec490udi6,xdte5@gmail.com,26.0,ULTRA FC 250 ML,minuman manis,2,7500.0,2024-12-19,,110.435722830849,-0.773147442341061
gksvu1ysvmys8tn75gcevwb9ntlv,dqw5a@gmail.com,40.0,SQ GREENTEA 22G,makanan manis,3,13400.0,2024-05-04,,110.435468586952,-0.771944849906759
uihyr2cfbb3wc756zw8aqapxuik1,24mpd@gmail.com,37.0,S.BRD TA CHOCO FLAT,makanan manis,1,10000.0,2024-02-07,,110.433947300016,-0.774056551030356
zmi3b75y9g5fbe58vxr6uk4ylxg8,66ogl@gmail.com,35.0,NIPISMADU 330ML,minuman manis,1,3900.0,2024-12-09,,110.437142696142,-0.772472030734493
ftqoyk4fq7213ga30sh03yek1eha,4zvdi@gmail.com,58.0,KNZLR SGL GJ65G,makanan gurih,4,8900.0,2024-09-08,,110.43516554831,-0.773775361232739
aocoaouae82a2n4njs23s5la63b3,smjmc@gmail.com,26.0,POKKA GRN TEA NS 450,minuman sehat,3,10200.0,2024-10-19,,110.434814793971,-0.773313690276536
hg3g6i8mq66w77gn3pgk9yvrebdh,mezij@gmail.com,52.0,S.BRD TA CHOCO FLAT,makanan manis,2,10000.0,2024-12-04,,110.434056913388,-0.772176131274508
yss2fpc6uiw0iyvqvtd2s9w4fcge,5mx7o@gmail.com,50.0,POKKA GRN TEA NS 450,minuman sehat,2,10200.0,2024-07-27,,110.43549515302,-0.77282731664104
ixjzypetoch9df2f26ne1d1oyi0m,e4io4@gmail.com,27.0,FOREST PCH480ML,minuman manis,3,9300.0,2024-12-12,,110.436856250666,-0.774252079487313
8gvawe84eauowueunh7c8g5gtdvc,orgen@gmail.com,57.0,FOREST PCH480ML,minuman manis,3,9300.0,2024-03-01,,110.435424674173,-0.773354386432102
jxfq3lbfoagfo1a7v4usk15fp1em,uuqsb@gmail.com,40.0,INDOMIE RDG 91G,makanan pokok,1,3100.0,2024-09-13,,110.434704268074,-0.774245615075358
jljk74mpvc5jieq4ze3flwrt8yot,nnmd3@gmail.com,25.0,FOREST PCH480ML,minuman manis,3,9300.0,2024-02-27,,110.435082884653,-0.772833610724926
m5abav66glikph7l6dd5dpvsk7tu,vhx40@gmail.com,18.0,IDM KCNG BUMBU 150G,makanan pokok,2,9900.0,2024-12-20,,110.435918577001,-0.773276247262376
4fzevl9ot4d4qx3r9g4o1uq9foht,nuuek@gmail.com,35.0,YUPI NEON 45G,makanan manis,1,5500.0,2024-04-02,,110.436355682857,-0.773432715422197
q4z8egbdkn3rdfk96dw9imxuyyzq,5b18h@gmail.com,40.0,INDF IC RB RD VLT55,makanan pokok,2,4500.0,2024-07-19,,110.436200304907,-0.773689468912661
hjndlyr86db26a84nbi8pepcv2tx,16vtv@gmail.com,56.0,GATSBY CLG. D/OCN. 175,personal hygiene,3,22000.0,2024-12-29,,110.434056002923,-0.772994325972064
5qmmkfu5m86ktcsrm5db1gtmouvc,ht0on@gmail.com,49.0,FOREST PCH480ML,minuman manis,2,9300.0,2024-04-25,,110.435580774891,-0.773311303319384
5qnoytiyjqih5rv99mnwctq6n27t,whbfo@gmail.com,16.0,S.BRD TA CHOCO FLAT,makanan manis,1,10000.0,2024-12-11,,110.435994994935,-0.771895915686124
sg89ckc9u1w0bojptjldka5xh8gh,r5dwv@gmail.com,39.0,KUSUKA LH 60G,makanan gurih,3,6500.0,2024-11-22,,110.435834717893,-0.773548849477289
gk6y6crohgh7wkidxzvec490udi6,xdte5@gmail.com,26.0,GG SURYA CKT16,produk dewasa,1,36700.0,2024-01-18,,110.435291682428,-0.772651239466079
v0hvneobxnt5h4qp9r3aiwu05w3g,adb2d@gmail.com,40.0,CCBB STR STK 5S,makanan gurih,4,16800.0,2024-12-21,,110.435317921742,-0.773106801302416
5qmmkfu5m86ktcsrm5db1gtmouvc,ht0on@gmail.com,49.0,INDF IC RB RD VLT55,makanan pokok,4,4500.0,2024-01-20,,110.435316929312,-0.774721484141169
vi2nml74gpdbne8xee91iyvsaw40,22bg7@gmail.com,39.0,TEREA PRPL WAVE 20S,unknown,4,30000.0,2024-01-04,,110.437196633432,-0.773505280057078
v0hvneobxnt5h4qp9r3aiwu05w3g,adb2d@gmail.com,40.0,TESSA FAC LOONEY TP3,personal hygiene,2,7500.0,2024-07-26,,110.436347120564,-0.773996456651368
pahle977w7o5yn949h2w4a7ipaku,e536m@gmail.com,17.0,INDOMIE RDG 91G,makanan pokok,4,3100.0,2024-06-17,,110.437206323555,-0.773620040395484
gksvu1ysvmys8tn75gcevwb9ntlv,dqw5a@gmail.com,40.0,FOREST PCH480ML,minuman manis,2,9300.0,2024-07-04,,110.434694493938,-0.773364959006797
pahle977w7o5yn949h2w4a7ipaku,e536m@gmail.com,17.0,GG SURYA 12,produk dewasa,1,27200.0,2024-11-24,,110.436492934321,-0.772698506103914
yc3b5tfmztyxia0hutaet44qe1k8,ai252@gmail.com,53.0,CHUPA GUM FR11G,makanan manis,2,5500.0,2024-06-14,,110.435906718116,-0.773226107907203
y9125ul5wsjatspzrfovvg68p9u9,bonlg@gmail.com,46.0,CHUPA BELT 8G,makanan manis,2,3000.0,2024-03-17,,110.435698864185,-0.773522899964818
o4qf9hk10zkcdi0kg46ezlo7w51u,mq7yl@gmail.com,17.0,GG SURYA 12,produk dewasa,4,27200.0,2024-03-01,,110.435592550167,-0.77332225090834
nzp2s5tjkru93kokd0l8wptr27yb,ymfe7@gmail.com,48.0,IDM KCNG BUMBU 150G,makanan pokok,2,9900.0,2024-06-19,,110.435698542665,-0.773196006170194
5qnoytiyjqih5rv99mnwctq6n27t,whbfo@gmail.com,16.0,POKKA GREEN TEA 450,minuman manis,3,7300.0,2024-04-12,,110.434587164584,-0.774011909616179
nzp2s5tjkru93kokd0l8wptr27yb,ymfe7@gmail.com,48.0,INDF IC RB RD VLT55,makanan pokok,2,4500.0,2024-08-23,,110.434891100542,-0.773174186604458
aocoaouae82a2n4njs23s5la63b3,smjmc@gmail.com,26.0,AQUA AIR MINERAL 600,minuman sehat,4,3500.0,2024-05-08,,110.43480800285,-0.772639985999551
94plj3fnifeu7vfeewcte1phij5y,b3elr@gmail.com,55.0,INDOMIE RDG 91G,makanan pokok,3,3100.0,2024-07-07,,110.435707674313,-0.773358385909257
0zibfx7nflamwhywmxj8k7tmf85c,scqai@gmail.com,56.0,CCBB STR STK 5S,makanan gurih,4,16800.0,2024-01-29,,110.435247392424,-0.773085222008707
zl8qm1xffy476k5w4aitzvqeaxwy,8bezk@gmail.com,16.0,TEREA PRPL WAVE 20S,unknown,4,30000.0,2024-06-14,,110.435181721174,-0.772303968118867
iw80wae9vysd0qv1pjtdff7i44h1,0p2q9@gmail.com,54.0,FOREST PCH480ML,minuman manis,3,9300.0,2024-03-30,,110.434057346034,-0.773268457217744
kpyk3qgpuefvd4b9h4eszricpdcm,yqj8w@gmail.com,44.0,ULTRA FC 250 ML,minuman manis,3,7500.0,2024-09-11,,110.435260611231,-0.77201521251764
vhmmypmo3u5x861y72ju8jw69a59,wya2b@gmail.com,52.0,KANZER BAKSO HOT 55G,makanan gurih,3,9000.0,2024-05-12,,110.435467363878,-0.773359324902661
0u9jhaabbtjmop736glbu208889f,ow0ny@gmail.com,48.0,S.BRD TA POLO KEJU,makanan pokok,1,9000.0,2024-05-24,,110.435165772454,-0.772935201743742
4fzevl9ot4d4qx3r9g4o1uq9foht,nuuek@gmail.com,35.0,KANZER BAKSO HOT 55G,makanan gurih,1,9000.0,2024-09-12,,110.434486880045,-0.772886280915215
cw43tqho5u4kfk9oz272fnbuqr9u,78c62@gmail.com,27.0,FOREST PCH480ML,minuman manis,1,9300.0,2024-01-15,,110.43723825534,-0.774013902138259
lv62muh4jnpyuq3qmgkst6c156dm,3ozu3@gmail.com,15.0,SQ GREENTEA 22G,makanan manis,2,13400.0,2024-07-26,,110.435415804315,-0.773332181000162
q4z8egbdkn3rdfk96dw9imxuyyzq,5b18h@gmail.com,40.0,MD ALMOND RING,makanan manis,3,7500.0,2024-04-06,,110.435700144646,-0.773214847972187
e7lwzpqywdlsu75v0oz4zipe2kou,q6lre@gmail.com,28.0,INDF IC RB RD VLT55,makanan pokok,4,4500.0,2024-10-04,,110.43661306019,-0.77338341331022
q63zvaex2a4n9elv8cpyq1cnw099,e0v0a@gmail.com,18.0,SR TWR SPC,makanan pokok,3,15000.0,2024-09-26,,110.436535652524,-0.773676868554213
wj5au3t05yauwn9h4q0pwmuc8l8n,mva7u@gmail.com,24.0,IDM KCNG BUMBU 150G,makanan pokok,2,9900.0,2024-08-14,,110.435892008551,-0.773311948621586
aocoaouae82a2n4njs23s5la63b3,smjmc@gmail.com,26.0,KNZLER SNGLES ORG 65,makanan gurih,1,9000.0,2024-08-30,,110.435845599692,-0.773648695025315
zpkfkf8b77gsk0wft62kdrghi4xq,9yqpv@gmail.com,47.0,INDOMIE RDG 91G,makanan pokok,2,3100.0,2024-08-23,,110.434993202345,-0.771862922183893
tvjq46og8i101ewtbojsykg6i5ni,byr1g@gmail.com,57.0,ICHITAN MLK BRWN 300,minuman manis,3,9900.0,2024-02-25,,110.433961567127,-0.773025143428655
hg3g6i8mq66w77gn3pgk9yvrebdh,mezij@gmail.com,52.0,KNZLER SNGLES ORG 65,makanan gurih,2,9000.0,2024-02-27,,110.435717858449,-0.773265497394337
25ydozrmz5evh0ulljb3e7aluhnn,aaex2@gmail.com,39.0,CIMORY BLYC120G,minuman manis,3,8500.0,2024-03-09,,110.434459062245,-0.772778098339338
kpyk3qgpuefvd4b9h4eszricpdcm,yqj8w@gmail.com,44.0,KNZLER SNGLES ORG 65,makanan gurih,4,9000.0,2024-02-06,,110.43630373636,-0.77174213076545
gk6y6crohgh7wkidxzvec490udi6,xdte5@gmail.com,26.0,GG SURYA CKT16,produk dewasa,1,36700.0,2024-11-13,,110.435267816391,-0.77314389013143
jxfq3lbfoagfo1a7v4usk15fp1em,uuqsb@gmail.com,40.0,GG SURYA CKT16,produk dewasa,2,36700.0,2024-12-24,,110.436655532104,-0.774435990799128
gkq0rsrqluty56kutfgcoexfmf76,pzdj7@gmail.com,17.0,CHUPA GUM FR11G,makanan manis,1,5500.0,2024-06-26,,110.437419551928,-0.774049001880993
vwgz1yxtelsye6ptwi8u9e2tppdj,oi5xs@gmail.com,34.0,BENG2 SHARE 10S,makanan manis,3,16400.0,2024-07-20,,110.435645982291,-0.774290535381695
o4qf9hk10zkcdi0kg46ezlo7w51u,mq7yl@gmail.com,17.0,GATSBY CLG. D/OCN. 175,personal hygiene,1,22000.0,2024-07-16,,110.436931137938,-0.772929501927238
q56zijscb8v81p5bjk6eggzf3b76,uf8lp@gmail.com,46.0,IDM KCNG BUMBU 150G,makanan pokok,3,9900.0,2024-07-17,,110.435230563965,-0.772830178326562
tys4ius4051q5y9478lz46zpmsk6,72df4@gmail.com,55.0,ICHITAN MLK BRWN 300,minuman manis,4,9900.0,2024-09-07,,110.435585666489,-0.773399544290999
vi2nml74gpdbne8xee91iyvsaw40,22bg7@gmail.com,39.0,KP POLOS,unknown,4,500.0,2024-11-20,,110.434847425012,-0.771898427667004
ss3spq1j1wrxgc8akuc6k9q7920r,xkeso@gmail.com,47.0,CCBB STR STK 5S,makanan gurih,2,16800.0,2024-04-29,,110.43571229823,-0.773661253256079
wj5au3t05yauwn9h4q0pwmuc8l8n,mva7u@gmail.com,24.0,ULTRA FC 250 ML,minuman manis,3,7500.0,2024-04-05,,110.435105897048,-0.77249154174531
hi52b0jk6zxg3rngp4berwi01j3v,4xsfn@gmail.com,50.0,AQUA AIR MINERAL 1500,minuman sehat,3,6600.0,2024-11-22,,110.435019703363,-0.773509144953638
8gvawe84eauowueunh7c8g5gtdvc,orgen@gmail.com,57.0,AQUA AIR MINERAL 600,minuman sehat,3,3500.0,2024-02-26,,110.435260546896,-0.773845336246515
gkq0rsrqluty56kutfgcoexfmf76,pzdj7@gmail.com,17.0,KANZER BAKSO HOT 55G,makanan gurih,4,9000.0,2024-03-10,,110.433717528696,-0.772731682516398
q56zijscb8v81p5bjk6eggzf3b76,uf8lp@gmail.com,46.0,FOREST PCH480ML,minuman manis,4,9300.0,2024-02-12,,110.435140755939,-0.772793651002067
842uk8dmirxl4rxwl5s6m6boautu,9fz2v@gmail.com,50.0,S.BRD TA POLO KEJU,makanan pokok,4,9000.0,2024-12-03,,110.436285727524,-0.773207181085537
yss2fpc6uiw0iyvqvtd2s9w4fcge,5mx7o@gmail.com,50.0,GD GCPN 250ML,minuman manis,3,7700.0,2024-01-22,,110.435406360932,-0.773473378041797
pahle977w7o5yn949h2w4a7ipaku,e536m@gmail.com,17.0,BENG2 SHARE 10S,makanan manis,2,16400.0,2024-05-08,,110.435675744232,-0.773495528736144
vwgz1yxtelsye6ptwi8u9e2tppdj,oi5xs@gmail.com,34.0,YUPI NEON 45G,makanan manis,2,5500.0,2024-01-24,,110.437029951733,-0.771998842926617
cw43tqho5u4kfk9oz272fnbuqr9u,78c62@gmail.com,27.0,INDF IC RB RD VLT55,makanan pokok,1,4500.0,2024-04-29,,110.435995891194,-0.772518121945436
its4ymdgljyis2fi21nd9thsk8wa,xj7rr@gmail.com,56.0,INDF IC RB RD VLT55,makanan pokok,2,4500.0,2024-06-25,,110.435750443014,-0.773257835496035
o4qf9hk10zkcdi0kg46ezlo7w51u,mq7yl@gmail.com,17.0,KNZLR SGL GJ65G,makanan gurih,2,8900.0,2024-10-13,,110.436660449044,-0.773652038717895
8d42f43dejwi6vygfm57ql8rr5vu,kdaox@gmail.com,27.0,CHUPA GUM FR11G,makanan manis,1,5500.0,2024-07-26,,110.437664212803,-0.773166068227524
sg89ckc9u1w0bojptjldka5xh8gh,r5dwv@gmail.com,39.0,CIMORY BLYC120G,minuman manis,4,8500.0,2024-07-06,,110.435700676953,-0.772452804674866
o4qf9hk10zkcdi0kg46ezlo7w51u,mq7yl@gmail.com,17.0,AQUA AIR MINERAL 600,minuman sehat,1,3500.0,2024-03-13,,110.436827489002,-0.772971577591122
5qmmkfu5m86ktcsrm5db1gtmouvc,ht0on@gmail.com,49.0,KNZLER SNGLES ORG 65,makanan gurih,1,9000.0,2024-11-18,,110.437435461196,-0.772810394896332
q4z8egbdkn3rdfk96dw9imxuyyzq,5b18h@gmail.com,40.0,BENG2 SHARE 10S,makanan manis,3,16400.0,2024-11-14,,110.434714643587,-0.772983166058215
wj5au3t05yauwn9h4q0pwmuc8l8n,mva7u@gmail.com,24.0,CCBB STR STK 5S,makanan gurih,3,16800.0,2024-09-16,,110.435579187726,-0.773373577525749
ixjzypetoch9df2f26ne1d1oyi0m,e4io4@gmail.com,27.0,TEREA PRPL WAVE 20S,unknown,1,30000.0,2024-07-31,,110.436230257981,-0.77407001355152
q63zvaex2a4n9elv8cpyq1cnw099,e0v0a@gmail.com,18.0,SR TWR SPC,makanan pokok,1,15000.0,2024-08-07,,110.435559369728,-0.773007591920517
n10i9uzi9i1by7214cplxvwufevk,sfv48@gmail.com,40.0,IDM KCNG BUMBU 150G,makanan pokok,1,9900.0,2024-01-21,,110.433954264583,-0.772861807613527
tys4ius4051q5y9478lz46zpmsk6,72df4@gmail.com,55.0,IDM KCNG BUMBU 150G,makanan pokok,2,9900.0,2024-02-08,,110.435174412414,-0.773076652993627
n10i9uzi9i1by7214cplxvwufevk,sfv48@gmail.com,40.0,POKKA GRN TEA NS 450,minuman sehat,1,10200.0,2024-07-10,,110.43379682307,-0.773504090144541
gdp3vsci5bwlzpzbeivqj4io26vs,9ri7g@gmail.com,51.0,AQUA AIR MINERAL 1500,minuman sehat,1,6600.0,2024-08-24,,110.437019349967,-0.772872626735571
7qgm92vcz2dc7gyos0nbozlsw0la,4m8cu@gmail.com,41.0,IDM KCNG BUMBU 150G,makanan pokok,3,9900.0,2024-11-24,,110.435927331314,-0.773712535798891
gkq0rsrqluty56kutfgcoexfmf76,pzdj7@gmail.com,17.0,KNZLR SGL GJ65G,makanan gurih,1,8900.0,2024-03-26,,110.435665073962,-0.77243407942651
0zibfx7nflamwhywmxj8k7tmf85c,scqai@gmail.com,56.0,GD GCPN 250ML,minuman manis,4,7700.0,2024-09-12,,110.437149612752,-0.773237083394781
iw80wae9vysd0qv1pjtdff7i44h1,0p2q9@gmail.com,54.0,CHUPA BELT 8G,makanan manis,3,3000.0,2024-01-21,,110.435882490297,-0.773812546489668
7qgm92vcz2dc7gyos0nbozlsw0la,4m8cu@gmail.com,41.0,GATSBY CLG. D/OCN. 175,personal hygiene,3,22000.0,2024-12-17,,110.435929647702,-0.773320484948255
tllraaoqqbnvsny5aprcnbl112h3,tyuq5@gmail.com,51.0,AQUA AIR MINERAL 1500,minuman sehat,3,6600.0,2024-02-21,,110.437727380597,-0.773071724131507
zmi3b75y9g5fbe58vxr6uk4ylxg8,66ogl@gmail.com,35.0,GATSBY CLG. D/OCN. 175,personal hygiene,3,22000.0,2024-12-17,,110.435343393127,-0.77358177040538
gksvu1ysvmys8tn75gcevwb9ntlv,dqw5a@gmail.com,40.0,GD GCPN 250ML,minuman manis,4,7700.0,2024-08-28,,110.435699146769,-0.773231923639551
5qnoytiyjqih5rv99mnwctq6n27t,whbfo@gmail.com,16.0,S.BRD TA CHOCO FLAT,makanan manis,4,10000.0,2024-01-10,,110.435779902733,-0.77330733292187
gkq0rsrqluty56kutfgcoexfmf76,pzdj7@gmail.com,17.0,INDF IC RB RD VLT55,makanan pokok,3,4500.0,2024-07-17,,110.434241443877,-0.773833727242244
abce4i7klp5imm2ikwj4nh9vlz70,t2nzo@gmail.com,52.0,B/P MANGGA HARUM MNS,makanan manis,1,10000.0,2024-04-02,,110.43524922896,-0.772446939558829
9spta3sji5dr5efhtw6h1o4b9tve,wa7tp@gmail.com,25.0,KANZER BAKSO HOT 55G,makanan gurih,3,9000.0,2024-11-04,,110.434856358779,-0.772591197559191
gkq0rsrqluty56kutfgcoexfmf76,pzdj7@gmail.com,17.0,CIMORY BLYC120G,minuman manis,4,8500.0,2024-09-24,,110.437811424188,-0.772853743525922
ftqoyk4fq7213ga30sh03yek1eha,4zvdi@gmail.com,58.0,KUSUKA LH 60G,makanan gurih,4,6500.0,2024-12-19,,110.435321578319,-0.774291149018572
wj5au3t05yauwn9h4q0pwmuc8l8n,mva7u@gmail.com,24.0,INDOMIE RDG 91G,makanan pokok,3,3100.0,2024-03-04,,110.436240375286,-0.771899615303274
lv62muh4jnpyuq3qmgkst6c156dm,3ozu3@gmail.com,15.0,SR TWR SPC,makanan pokok,3,15000.0,2024-10-27,,110.436642855493,-0.774184513561792
em1tb069kkesc17xqiv3cgw7fso4,628ho@gmail.com,52.0,WETZ WIPES 30 GRNTEA,personal hygiene,4,17900.0,2024-02-08,,110.435945336136,-0.773065198391423
qmyo9mh1k4afhgyfp5z525mdel76,q43iz@gmail.com,51.0,KNZLER SNGLES ORG 65,makanan gurih,1,9000.0,2024-09-01,,110.434352855303,-0.772989888138972
id4x78m5hyjovogxr61lbyppfu45,su5pt@gmail.com,29.0,TESSA FAC LOONEY TP3,personal hygiene,4,7500.0,2024-04-07,,110.436840359217,-0.774524176163733
i4f9dghptxzvfvmbqzznu1479xxe,a8mh4@gmail.com,24.0,CCBB STR STK 5S,makanan gurih,2,16800.0,2024-07-12,,110.435202071765,-0.772612405095735
8gvawe84eauowueunh7c8g5gtdvc,orgen@gmail.com,57.0,KNZLER SNGLES ORG 65,makanan gurih,1,9000.0,2024-09-05,,110.436528995567,-0.773144056323443
lgf2wkxftoxa4aip44rbhyyd7lks,ygbx4@gmail.com,55.0,KNZLR SGL GJ65G,makanan gurih,2,8900.0,2024-02-21,,110.434756644297,-0.774573244958312
lv62muh4jnpyuq3qmgkst6c156dm,3ozu3@gmail.com,15.0,OREO ORIGINAL 119.5G,makanan manis,1,10000.0,2024-05-01,,110.43578426816,-0.773172452845216
hl7fufmfhgotne6nk38b0qy5u2hv,1xgf8@gmail.com,41.0,FOREST PCH480ML,minuman manis,2,9300.0,2024-01-13,,110.43459543967,-0.773361901003651
evek1lrur3le1s8rcqie8r6auwqj,e57wv@gmail.com,56.0,KANZER BAKSO HOT 55G,makanan gurih,2,9000.0,2024-01-13,,110.435839357917,-0.772731243651683
ugkc9mqyy4ppfresotyijclyyv3y,ywjzn@gmail.com,49.0,CIMORY BLYC120G,minuman manis,1,8500.0,2024-08-28,,110.436497290299,-0.77305692813794
zmi3b75y9g5fbe58vxr6uk4ylxg8,66ogl@gmail.com,35.0,KANZER BAKSO HOT 55G,makanan gurih,3,9000.0,2024-02-13,,110.437383138481,-0.772754917252377
mj50w5tx6lj047iy84e67l2w609b,ayidb@gmail.com,25.0,INDF IC RB RD VLT55,makanan pokok,1,4500.0,2024-09-18,,110.437032536595,-0.77391347035624
ixjzypetoch9df2f26ne1d1oyi0m,e4io4@gmail.com,27.0,BENG2 SHARE 10S,makanan manis,2,16400.0,2024-12-29,,110.436245139449,-0.772536137406894
n10i9uzi9i1by7214cplxvwufevk,sfv48@gmail.com,40.0,KNZLER SNGLES ORG 65,makanan gurih,4,9000.0,2024-12-21,,110.435546982378,-0.773930031968747
fnsi7etywup5uned0u2s1j9m60po,4lb4b@gmail.com,18.0,KANZER BAKSO HOT 55G,makanan gurih,4,9000.0,2024-04-03,,110.436201408431,-0.773080516749533
6tidoowx22vgaljjdbq9zvpw8ici,jzjkc@gmail.com,29.0,CCBB STR STK 5S,makanan gurih,1,16800.0,2024-12-04,,110.435654457858,-0.772216050384409
78v9qdm9101zuc5kbei4zhx1cvgg,g9lab@gmail.com,50.0,INDOMIE RDG 91G,makanan pokok,3,3100.0,2024-12-18,,110.434043723169,-0.772980331514349
wke808om4hhgkz8ip5mgwtr0txae,ij53d@gmail.com,55.0,INDOMIE RDG 91G,makanan pokok,4,3100.0,2024-07-19,,110.436015533976,-0.774475544306531
14qezcf3sybmsfooo6bg6xt5byff,ulfqi@gmail.com,25.0,CHUPA GUM FR11G,makanan manis,3,5500.0,2024-07-24,,110.435331411338,-0.77356171373981
pamwi4vgfn2flrweia4ns2alnmff,3v311@gmail.com,22.0,BENG2 SHARE 10S,makanan manis,3,16400.0,2024-10-09,,110.435987122526,-0.773707036089197
3j4yjipbdx5hp30phw2be28hq8hy,f059w@gmail.com,37.0,RTE ONGR AY PDS,makanan gurih,2,10000.0,2024-07-17,,110.435523879751,-0.773619325053465
id4x78m5hyjovogxr61lbyppfu45,su5pt@gmail.com,29.0,INDOMIE RDG 91G,makanan pokok,3,3100.0,2024-02-21,,110.435457997804,-0.773493083871968
o4qf9hk10zkcdi0kg46ezlo7w51u,mq7yl@gmail.com,17.0,AQUA AIR MINERAL 600,minuman sehat,1,3500.0,2024-04-25,,110.435803059506,-0.772938484502582
0u9jhaabbtjmop736glbu208889f,ow0ny@gmail.com,48.0,S.BRD TA POLO KEJU,makanan pokok,2,9000.0,2024-02-25,,110.436909245058,-0.773032128336226
fnsi7etywup5uned0u2s1j9m60po,4lb4b@gmail.com,18.0,B/P MANGGA HARUM MNS,makanan manis,4,10000.0,2024-03-28,,110.43608377045,-0.772386987156111
id4x78m5hyjovogxr61lbyppfu45,su5pt@gmail.com,29.0,ULTRA FC 250 ML,minuman manis,1,7500.0,2024-03-11,,110.435693864481,-0.773183011581636
tvjq46og8i101ewtbojsykg6i5ni,byr1g@gmail.com,57.0,OREO ORIGINAL 119.5G,makanan manis,2,10000.0,2024-06-23,,110.436161700531,-0.773657956972206
gdp3vsci5bwlzpzbeivqj4io26vs,9ri7g@gmail.com,51.0,FOREST PCH480ML,minuman manis,1,9300.0,2024-01-14,,110.435756938098,-0.772493143687046
gdp3vsci5bwlzpzbeivqj4io26vs,9ri7g@gmail.com,51.0,YUPI NEON 45G,makanan manis,1,5500.0,2024-03-18,,110.435293387165,-0.771693800264974
jljk74mpvc5jieq4ze3flwrt8yot,nnmd3@gmail.com,25.0,CIMORY BLYC120G,minuman manis,4,8500.0,2024-07-11,,110.435756409976,-0.772659475643137
pkee6upe4erulwzc8rkjb8wxzelt,e4aq4@gmail.com,35.0,KUSUKA LH 60G,makanan gurih,3,6500.0,2024-09-01,,110.43572291408,-0.772916291915066
wke808om4hhgkz8ip5mgwtr0txae,ij53d@gmail.com,55.0,S.BRD TA POLO KEJU,makanan pokok,4,9000.0,2024-12-16,,110.434531048678,-0.773159435753237
ugkc9mqyy4ppfresotyijclyyv3y,ywjzn@gmail.com,49.0,IDM KCNG BUMBU 150G,makanan pokok,4,9900.0,2024-12-20,,110.435783896084,-0.77322014004479
wj5au3t05yauwn9h4q0pwmuc8l8n,mva7u@gmail.com,24.0,B/P MANGGA HARUM MNS,makanan manis,4,10000.0,2024-03-04,,110.435075755299,-0.772180717951249
yc3b5tfmztyxia0hutaet44qe1k8,ai252@gmail.com,53.0,KUSUKA LH 60G,makanan gurih,4,6500.0,2024-04-12,,110.434560232942,-0.773009186018511
heh59eq0i9p66b2keetfttfx8p6k,lx24z@gmail.com,37.0,IDM KCNG BUMBU 150G,makanan pokok,4,9900.0,2024-05-16,,110.437016534262,-0.773477827921361
hg3g6i8mq66w77gn3pgk9yvrebdh,mezij@gmail.com,52.0,MD ALMOND RING,makanan manis,1,7500.0,2024-11-11,,110.435809281053,-0.773103134838561
hl7fufmfhgotne6nk38b0qy5u2hv,1xgf8@gmail.com,41.0,WETZ WIPES 30 GRNTEA,personal hygiene,2,17900.0,2024-10-31,,110.434313842895,-0.773851691322962
pamwi4vgfn2flrweia4ns2alnmff,3v311@gmail.com,22.0,TESSA FAC LOONEY TP3,personal hygiene,3,7500.0,2024-12-17,,110.436010246889,-0.774251451175606
wj5au3t05yauwn9h4q0pwmuc8l8n,mva7u@gmail.com,24.0,RTE ONGR AY PDS,makanan gurih,2,10000.0,2024-06-16,,110.434118143019,-0.773342069185265
tys4ius4051q5y9478lz46zpmsk6,72df4@gmail.com,55.0,CIMORY BLYC120G,minuman manis,3,8500.0,2024-11-28,,110.434577790872,-0.77226307504678
3mgcbmi47h0g08n41vv912omzj0x,trqef@gmail.com,45.0,TESSA FAC LOONEY TP3,personal hygiene,3,7500.0,2024-11-22,,110.435978258653,-0.773694362256678
73xxdxazt7g6vanswiujv3bnbbtg,t5bq5@gmail.com,18.0,KP POLOS,unknown,3,500.0,2024-08-26,,110.435685725276,-0.773711683652144
tys4ius4051q5y9478lz46zpmsk6,72df4@gmail.com,55.0,CHUPA GUM FR11G,makanan manis,3,5500.0,2024-08-21,,110.435559493335,-0.773171200287371
73xxdxazt7g6vanswiujv3bnbbtg,t5bq5@gmail.com,18.0,MD ALMOND RING,makanan manis,2,7500.0,2024-05-23,,110.435824863606,-0.773421787063312
vhmmypmo3u5x861y72ju8jw69a59,wya2b@gmail.com,52.0,GATSBY CLG. D/OCN. 175,personal hygiene,1,22000.0,2024-12-11,,110.43586287698,-0.77304402502399
zl8qm1xffy476k5w4aitzvqeaxwy,8bezk@gmail.com,16.0,AQUA AIR MINERAL 1500,minuman sehat,3,6600.0,2024-05-20,,110.437638545798,-0.77367634657861
q4z8egbdkn3rdfk96dw9imxuyyzq,5b18h@gmail.com,40.0,KUSUKA LH 60G,makanan gurih,2,6500.0,2024-09-16,,110.436274002511,-0.772583910249929
1mr9rc8su3g6493m0bt07l4ftp4z,ag1ar@gmail.com,26.0,KNZLER SNGLES ORG 65,makanan gurih,3,9000.0,2024-09-29,,110.436201860573,-0.77357750587857
14qezcf3sybmsfooo6bg6xt5byff,ulfqi@gmail.com,25.0,SQ GREENTEA 22G,makanan manis,4,13400.0,2024-07-01,,110.434459267575,-0.774415046033787
zl8qm1xffy476k5w4aitzvqeaxwy,8bezk@gmail.com,16.0,RTE ONGR AY PDS,makanan gurih,3,10000.0,2024-06-01,,110.436421432622,-0.773617627008606
its4ymdgljyis2fi21nd9thsk8wa,xj7rr@gmail.com,56.0,OREO ORIGINAL 119.5G,makanan manis,2,10000.0,2024-11-05,,110.437352791834,-0.772906017983879
kxt4zhpmw9541v9e9a6a0s770r5o,35j1x@gmail.com,31.0,INDOMIE RDG 91G,makanan pokok,2,3100.0,2024-09-07,,110.435224167802,-0.772157954240659
9spta3sji5dr5efhtw6h1o4b9tve,wa7tp@gmail.com,25.0,RTE ONGR AY PDS,makanan gurih,4,10000.0,2024-06-18,,110.436687370997,-0.77381084896916
tllraaoqqbnvsny5aprcnbl112h3,tyuq5@gmail.com,51.0,KANZER BAKSO HOT 55G,makanan gurih,2,9000.0,2024-12-21,,110.43477718894,-0.773203497232082
pahle977w7o5yn949h2w4a7ipaku,e536m@gmail.com,17.0,TESSA FAC LOONEY TP3,personal hygiene,4,7500.0,2024-01-31,,110.437057418512,-0.773193330984989
ydicxxezpopgwztsf2rhx3ito7wm,jxtcn@gmail.com,18.0,KUSUKA LH 60G,makanan gurih,2,6500.0,2024-08-20,,110.435749670872,-0.77255735775778
n872xpenii4xxqlhgnjnll6xviy6,kwdp2@gmail.com,19.0,POKKA GREEN TEA 450,minuman manis,1,7300.0,2024-03-12,,110.436880172051,-0.7719335681217
wke808om4hhgkz8ip5mgwtr0txae,ij53d@gmail.com,55.0,IDM KCNG BUMBU 150G,makanan pokok,1,9900.0,2024-12-01,,110.434757805607,-0.772990672650369
0u9jhaabbtjmop736glbu208889f,ow0ny@gmail.com,48.0,CHUPA BELT 8G,makanan manis,3,3000.0,2024-11-07,,110.435979969368,-0.773063759630178
ss3spq1j1wrxgc8akuc6k9q7920r,xkeso@gmail.com,47.0,KNZLER SNGLES ORG 65,makanan gurih,1,9000.0,2024-01-28,,110.435433561221,-0.7730292238243
pkee6upe4erulwzc8rkjb8wxzelt,e4aq4@gmail.com,35.0,POKKA GRN TEA NS 450,minuman sehat,1,10200.0,2024-05-09,,110.43534547733,-0.774554824747335
8gvawe84eauowueunh7c8g5gtdvc,orgen@gmail.com,57.0,FOREST PCH480ML,minuman manis,4,9300.0,2024-01-06,,110.436709937966,-0.773231487830438
mj50w5tx6lj047iy84e67l2w609b,ayidb@gmail.com,25.0,KNZLR SGL GJ65G,makanan gurih,1,8900.0,2024-02-22,,110.434862151557,-0.774454602168399
n10i9uzi9i1by7214cplxvwufevk,sfv48@gmail.com,40.0,NIPISMADU 330ML,minuman manis,4,3900.0,2024-08-19,,110.43531585585,-0.772618142478167
lupvky4hklys5b5sikjrd5a3ldut,gnqt7@gmail.com,48.0,WETZ WIPES 30 GRNTEA,personal hygiene,3,17900.0,2024-02-26,,110.436646902784,-0.77364070709284
8d42f43dejwi6vygfm57ql8rr5vu,kdaox@gmail.com,27.0,YUPI NEON 45G,makanan manis,4,5500.0,2024-10-23,,110.43573560791,-0.773234634757619
gksvu1ysvmys8tn75gcevwb9ntlv,dqw5a@gmail.com,40.0,KNZLER SNGLES ORG 65,makanan gurih,1,9000.0,2024-12-23,,110.435607237166,-0.773558215052991
2ujmagarrrn00a32fdzg9ydom0c3,ua2cs@gmail.com,57.0,KUSUKA LH 60G,makanan gurih,1,6500.0,2024-12-05,,110.43558500536,-0.773102456028221
9spta3sji5dr5efhtw6h1o4b9tve,wa7tp@gmail.com,25.0,KNZLER SNGLES ORG 65,makanan gurih,1,9000.0,2024-12-18,,110.434863218726,-0.771844177695497
gdp3vsci5bwlzpzbeivqj4io26vs,9ri7g@gmail.com,51.0,CCBB STR STK 5S,makanan gurih,4,16800.0,2024-06-20,,110.435750583617,-0.7732003838214
yss2fpc6uiw0iyvqvtd2s9w4fcge,5mx7o@gmail.com,50.0,GATSBY CLG. D/OCN. 175,personal hygiene,1,22000.0,2024-04-15,,110.434753396926,-0.772778997187518
qvgf7xdeuqeeosgxrm8o3f2q7jht,spdkd@gmail.com,27.0,POKKA GREEN TEA 450,minuman manis,2,7300.0,2024-10-30,,110.435811105817,-0.773283925008513
iw80wae9vysd0qv1pjtdff7i44h1,0p2q9@gmail.com,54.0,RTE ONGR AY PDS,makanan gurih,4,10000.0,2024-04-13,,110.434283477006,-0.773389653970569
vwgz1yxtelsye6ptwi8u9e2tppdj,oi5xs@gmail.com,34.0,CCBB STR STK 5S,makanan gurih,2,16800.0,2024-10-08,,110.435863800388,-0.773743471602553
3mgcbmi47h0g08n41vv912omzj0x,trqef@gmail.com,45.0,CHUPA BELT 8G,makanan manis,1,3000.0,2024-10-31,,110.435753676555,-0.773290146925767
25ydozrmz5evh0ulljb3e7aluhnn,aaex2@gmail.com,39.0,ICHITAN MLK BRWN 300,minuman manis,3,9900.0,2024-08-11,,110.437594361565,-0.773973881967437
vwgz1yxtelsye6ptwi8u9e2tppdj,oi5xs@gmail.com,34.0,TEREA PRPL WAVE 20S,unknown,2,30000.0,2024-09-16,,110.437175348002,-0.774059824479849
id4x78m5hyjovogxr61lbyppfu45,su5pt@gmail.com,29.0,POKKA GRN TEA NS 450,minuman sehat,1,10200.0,2024-05-11,,110.435689550686,-0.773364582345131
sg89ckc9u1w0bojptjldka5xh8gh,r5dwv@gmail.com,39.0,B/P MANGGA HARUM MNS,makanan manis,4,10000.0,2024-05-26,,110.435914411277,-0.773072466938302
0zeaaai29i3737vq10oj4wlwbsc8,4k7dd@gmail.com,47.0,KNZLER SNGLES ORG 65,makanan gurih,1,9000.0,2024-02-05,,110.4370078355,-0.773662159168478
9spta3sji5dr5efhtw6h1o4b9tve,wa7tp@gmail.com,25.0,KANZER BAKSO HOT 55G,makanan gurih,1,9000.0,2024-05-19,,110.43657106078,-0.773008908584837
e7lwzpqywdlsu75v0oz4zipe2kou,q6lre@gmail.com,28.0,KNZLR SGL GJ65G,makanan gurih,3,8900.0,2024-09-02,,110.43499134471,-0.774285061672005
its4ymdgljyis2fi21nd9thsk8wa,xj7rr@gmail.com,56.0,GATSBY CLG. D/OCN. 175,personal hygiene,2,22000.0,2024-04-10,,110.434166158753,-0.773462078654614
5qnoytiyjqih5rv99mnwctq6n27t,whbfo@gmail.com,16.0,INDOMIE RDG 91G,makanan pokok,3,3100.0,2024-12-18,,110.435822223201,-0.772980950120258
lv62muh4jnpyuq3qmgkst6c156dm,3ozu3@gmail.com,15.0,YUPI NEON 45G,makanan manis,4,5500.0,2024-09-16,,110.435437598386,-0.773785030154384
yss2fpc6uiw0iyvqvtd2s9w4fcge,5mx7o@gmail.com,50.0,KUSUKA LH 60G,makanan gurih,1,6500.0,2024-10-16,,110.435416144317,-0.774274682760226
lgf2wkxftoxa4aip44rbhyyd7lks,ygbx4@gmail.com,55.0,WETZ WIPES 30 GRNTEA,personal hygiene,3,17900.0,2024-05-15,,110.435677113496,-0.772594523785795
pamwi4vgfn2flrweia4ns2alnmff,3v311@gmail.com,22.0,INDOMIE RDG 91G,makanan pokok,3,3100.0,2024-05-26,,110.436001958568,-0.773038033587876
sg89ckc9u1w0bojptjldka5xh8gh,r5dwv@gmail.com,39.0,ICHITAN MLK BRWN 300,minuman manis,1,9900.0,2024-07-11,,110.434141207884,-0.773964149238385
ydicxxezpopgwztsf2rhx3ito7wm,jxtcn@gmail.com,18.0,KNZLER SNGLES ORG 65,makanan gurih,3,9000.0,2024-10-26,,110.436254624374,-0.774148222933558
lv62muh4jnpyuq3qmgkst6c156dm,3ozu3@gmail.com,15.0,ICHITAN MLK BRWN 300,minuman manis,3,9900.0,2024-11-23,,110.434740476695,-0.773817171473525
i4f9dghptxzvfvmbqzznu1479xxe,a8mh4@gmail.com,24.0,LEMNRL AIR600ML,minuman sehat,1,3700.0,2024-03-15,,110.437251718536,-0.772906436732832
evek1lrur3le1s8rcqie8r6auwqj,e57wv@gmail.com,56.0,GG SURYA CKT16,produk dewasa,2,36700.0,2024-09-08,,110.43555166439,-0.77336340701562
mj50w5tx6lj047iy84e67l2w609b,ayidb@gmail.com,25.0,BENG2 SHARE 10S,makanan manis,3,16400.0,2024-02-22,,110.434136600696,-0.772551734251549
kxt4zhpmw9541v9e9a6a0s770r5o,35j1x@gmail.com,31.0,CCBB STR STK 5S,makanan gurih,3,16800.0,2024-10-15,,110.435139815485,-0.771830351980248
ubtegdtnbvgptbo1xpnw4n2cez0a,wckoi@gmail.com,54.0,POKKA GRN TEA NS 450,minuman sehat,4,10200.0,2024-06-14,,110.435729613657,-0.773267492422177
qvgf7xdeuqeeosgxrm8o3f2q7jht,spdkd@gmail.com,27.0,B/P MANGGA HARUM MNS,makanan manis,4,10000.0,2024-03-04,,110.436963120498,-0.772343124949287
6tidoowx22vgaljjdbq9zvpw8ici,jzjkc@gmail.com,29.0,KNZLR SGL GJ65G,makanan gurih,3,8900.0,2024-03-14,,110.435612379313,-0.772960604163571
v0hvneobxnt5h4qp9r3aiwu05w3g,adb2d@gmail.com,40.0,KUSUKA LH 60G,makanan gurih,2,6500.0,2024-08-07,,110.435721780181,-0.773349082878829
n872xpenii4xxqlhgnjnll6xviy6,kwdp2@gmail.com,19.0,KANZER BAKSO HOT 55G,makanan gurih,2,9000.0,2024-03-31,,110.435683699192,-0.772921519352894
lgf2wkxftoxa4aip44rbhyyd7lks,ygbx4@gmail.com,55.0,KUSUKA LH 60G,makanan gurih,3,6500.0,2024-05-11,,110.436085586305,-0.774040268349453
ahpw5x204o9v5wsnrs2kplvzhjm0,sn1lc@gmail.com,33.0,GG SURYA 12,produk dewasa,4,27200.0,2024-07-03,,110.436846409119,-0.772586176759313
jxfq3lbfoagfo1a7v4usk15fp1em,uuqsb@gmail.com,40.0,RTE ONGR AY PDS,makanan gurih,4,10000.0,2024-08-03,,110.435775284687,-0.773161774990251
2ujmagarrrn00a32fdzg9ydom0c3,ua2cs@gmail.com,57.0,GD GCPN 250ML,minuman manis,2,7700.0,2024-07-10,,110.435187936415,-0.773282007666299
vi2nml74gpdbne8xee91iyvsaw40,22bg7@gmail.com,39.0,ULTRA FC 250 ML,minuman manis,4,7500.0,2024-05-19,,110.436294510342,-0.772151609698089
zmi3b75y9g5fbe58vxr6uk4ylxg8,66ogl@gmail.com,35.0,IDM KCNG BUMBU 150G,makanan pokok,2,9900.0,2024-06-25,,110.435923532374,-0.773354991088103
q4z8egbdkn3rdfk96dw9imxuyyzq,5b18h@gmail.com,40.0,POKKA GRN TEA NS 450,minuman sehat,4,10200.0,2024-01-31,,110.435005422409,-0.77196930963731
1mr9rc8su3g6493m0bt07l4ftp4z,ag1ar@gmail.com,26.0,POKKA GRN TEA NS 450,minuman sehat,4,10200.0,2024-09-27,,110.434875181979,-0.773337292242156
6wtz0wtxonv5hukq3vq4l3c278ve,vaqyk@gmail.com,54.0,KNZLR SGL GJ65G,makanan gurih,4,8900.0,2024-09-30,,110.435556831376,-0.772657605737373
mj50w5tx6lj047iy84e67l2w609b,ayidb@gmail.com,25.0,ICHITAN MLK BRWN 300,minuman manis,3,9900.0,2024-06-09,,110.435306489388,-0.772912116953971
iw80wae9vysd0qv1pjtdff7i44h1,0p2q9@gmail.com,54.0,CCBB STR STK 5S,makanan gurih,2,16800.0,2024-10-16,,110.434270559429,-0.773535268248925
abce4i7klp5imm2ikwj4nh9vlz70,t2nzo@gmail.com,52.0,KP POLOS,unknown,4,500.0,2024-04-19,,110.435592499001,-0.773265853284975
v0hvneobxnt5h4qp9r3aiwu05w3g,adb2d@gmail.com,40.0,INDF IC RB RD VLT55,makanan pokok,4,4500.0,2024-07-02,,110.436461125802,-0.773335058816255
ydicxxezpopgwztsf2rhx3ito7wm,jxtcn@gmail.com,18.0,KNZLR SGL GJ65G,makanan gurih,4,8900.0,2024-02-05,,110.435114506315,-0.773513226980378
6wtz0wtxonv5hukq3vq4l3c278ve,vaqyk@gmail.com,54.0,KANZER BAKSO HOT 55G,makanan gurih,1,9000.0,2024-07-19,,110.435106653836,-0.773405498470199
8gvawe84eauowueunh7c8g5gtdvc,orgen@gmail.com,57.0,LEMNRL AIR600ML,minuman sehat,3,3700.0,2024-07-09,,110.434374039163,-0.772209139145892
78v9qdm9101zuc5kbei4zhx1cvgg,g9lab@gmail.com,50.0,GD GCPN 250ML,minuman manis,4,7700.0,2024-10-22,,110.436449061949,-0.773657680154961
q63zvaex2a4n9elv8cpyq1cnw099,e0v0a@gmail.com,18.0,GD GCPN 250ML,minuman manis,3,7700.0,2024-11-11,,110.434507144935,-0.772732816763463
78v9qdm9101zuc5kbei4zhx1cvgg,g9lab@gmail.com,50.0,KNZLER SNGLES ORG 65,makanan gurih,2,9000.0,2024-06-16,,110.436437881269,-0.774012529582754
pkee6upe4erulwzc8rkjb8wxzelt,e4aq4@gmail.com,35.0,SR TWR SPC,makanan pokok,2,15000.0,2024-07-06,,110.435989243603,-0.773356026618945
ubtegdtnbvgptbo1xpnw4n2cez0a,wckoi@gmail.com,54.0,BENG2 SHARE 10S,makanan manis,1,16400.0,2024-02-17,,110.436926010901,-0.773357030342545
y9125ul5wsjatspzrfovvg68p9u9,bonlg@gmail.com,46.0,KUSUKA LH 60G,makanan gurih,1,6500.0,2024-07-20,,110.436400888781,-0.773228071586172
ahpw5x204o9v5wsnrs2kplvzhjm0,sn1lc@gmail.com,33.0,FOREST PCH480ML,minuman manis,3,9300.0,2024-06-24,,110.434523123448,-0.772045396309438
1mr9rc8su3g6493m0bt07l4ftp4z,ag1ar@gmail.com,26.0,MD ALMOND RING,makanan manis,4,7500.0,2024-11-04,,110.436823225439,-0.772710749513848
aocoaouae82a2n4njs23s5la63b3,smjmc@gmail.com,26.0,KUSUKA LH 60G,makanan gurih,2,6500.0,2024-01-13,,110.437520611619,-0.773205435100385
ss3spq1j1wrxgc8akuc6k9q7920r,xkeso@gmail.com,47.0,CHUPA BELT 8G,makanan manis,3,3000.0,2024-08-16,,110.436677929006,-0.773542971475729
gdp3vsci5bwlzpzbeivqj4io26vs,9ri7g@gmail.com,51.0,TESSA FAC LOONEY TP3,personal hygiene,3,7500.0,2024-01-13,,110.435718811718,-0.773225403551833
x5s1tvrt9eisxillo73kgsq8jpiw,mmd4d@gmail.com,16.0,KANZER BAKSO HOT 55G,makanan gurih,2,9000.0,2024-09-08,,110.435361795844,-0.773729975629128
q05g8vwfj98zwvz4vcduuxshs78j,hfxlf@gmail.com,51.0,YUPI NEON 45G,makanan manis,2,5500.0,2024-05-28,,110.436828903693,-0.774403977377577
gk6y6crohgh7wkidxzvec490udi6,xdte5@gmail.com,26.0,INDF IC RB RD VLT55,makanan pokok,4,4500.0,2024-09-16,,110.435055715033,-0.773906287830374
wj5au3t05yauwn9h4q0pwmuc8l8n,mva7u@gmail.com,24.0,S.BRD TA CHOCO FLAT,makanan manis,3,10000.0,2024-05-08,,110.435575968087,-0.774236070390945
pahle977w7o5yn949h2w4a7ipaku,e536m@gmail.com,17.0,WETZ WIPES 30 GRNTEA,personal hygiene,1,17900.0,2024-08-03,,110.435900488897,-0.773905592631954
kxt4zhpmw9541v9e9a6a0s770r5o,35j1x@gmail.com,31.0,KNZLER SNGLES ORG 65,makanan gurih,2,9000.0,2024-06-17,,110.434127765526,-0.773240312192223
8gvawe84eauowueunh7c8g5gtdvc,orgen@gmail.com,57.0,KP POLOS,unknown,4,500.0,2024-04-27,,110.436700922586,-0.773442907453622
nzp2s5tjkru93kokd0l8wptr27yb,ymfe7@gmail.com,48.0,YUPI NEON 45G,makanan manis,2,5500.0,2024-10-02,,110.436757357248,-0.772726242886051
hg3g6i8mq66w77gn3pgk9yvrebdh,mezij@gmail.com,52.0,KP POLOS,unknown,4,500.0,2024-05-18,,110.435325090459,-0.773453409304235
aocoaouae82a2n4njs23s5la63b3,smjmc@gmail.com,26.0,TESSA FAC LOONEY TP3,personal hygiene,1,7500.0,2024-03-05,,110.437259158618,-0.77336495784823
3mgcbmi47h0g08n41vv912omzj0x,trqef@gmail.com,45.0,SR TWR SPC,makanan pokok,2,15000.0,2024-08-18,,110.434686894716,-0.77441869787207
ahpw5x204o9v5wsnrs2kplvzhjm0,sn1lc@gmail.com,33.0,CCBB STR STK 5S,makanan gurih,2,16800.0,2024-03-01,,110.436101100985,-0.774119360518743
lupvky4hklys5b5sikjrd5a3ldut,gnqt7@gmail.com,48.0,KNZLR SGL GJ65G,makanan gurih,4,8900.0,2024-03-10,,110.437188458926,-0.77226521455672
e7lwzpqywdlsu75v0oz4zipe2kou,q6lre@gmail.com,28.0,YUPI NEON 45G,makanan manis,1,5500.0,2024-11-22,,110.43661715417,-0.773841239826473
v0hvneobxnt5h4qp9r3aiwu05w3g,adb2d@gmail.com,40.0,AQUA AIR MINERAL 600,minuman sehat,3,3500.0,2024-02-27,,110.437539962955,-0.774017077478122
4djfz17nhpr7oqmy2a3qrkne9s9v,wehjh@gmail.com,48.0,KANZER BAKSO HOT 55G,makanan gurih,4,9000.0,2024-08-28,,110.435823153455,-0.774027157020333
ss3spq1j1wrxgc8akuc6k9q7920r,xkeso@gmail.com,47.0,GD GCPN 250ML,minuman manis,3,7700.0,2024-08-31,,110.43630078032,-0.774410534744105
9spta3sji5dr5efhtw6h1o4b9tve,wa7tp@gmail.com,25.0,BENG2 SHARE 10S,makanan manis,1,16400.0,2024-02-12,,110.436829508495,-0.773590773886298
3mgcbmi47h0g08n41vv912omzj0x,trqef@gmail.com,45.0,SQ GREENTEA 22G,makanan manis,3,13400.0,2024-06-25,,110.435306977372,-0.773149410750121
73xxdxazt7g6vanswiujv3bnbbtg,t5bq5@gmail.com,18.0,KNZLER SNGLES ORG 65,makanan gurih,2,9000.0,2024-06-19,,110.435999662465,-0.77444213641297
fnsi7etywup5uned0u2s1j9m60po,4lb4b@gmail.com,18.0,S.BRD TA POLO KEJU,makanan pokok,2,9000.0,2024-09-19,,110.435953259316,-0.772835168422749
zmi3b75y9g5fbe58vxr6uk4ylxg8,66ogl@gmail.com,35.0,FOREST PCH480ML,minuman manis,3,9300.0,2024-03-28,,110.436298845436,-0.77289598147556
ftqoyk4fq7213ga30sh03yek1eha,4zvdi@gmail.com,58.0,BENG2 SHARE 10S,makanan manis,2,16400.0,2024-04-01,,110.435720612363,-0.773242511669661
jljk74mpvc5jieq4ze3flwrt8yot,nnmd3@gmail.com,25.0,GG SURYA 12,produk dewasa,1,27200.0,2024-05-12,,110.433805916627,-0.773058943954863
y9125ul5wsjatspzrfovvg68p9u9,bonlg@gmail.com,46.0,OREO ORIGINAL 119.5G,makanan manis,1,10000.0,2024-01-30,,110.435986669757,-0.773920943407518
vhmmypmo3u5x861y72ju8jw69a59,wya2b@gmail.com,52.0,GG SURYA CKT16,produk dewasa,4,36700.0,2024-09-28,,110.435189111476,-0.773392887228867
3j4yjipbdx5hp30phw2be28hq8hy,f059w@gmail.com,37.0,KNZLR SGL GJ65G,makanan gurih,4,8900.0,2024-07-29,,110.437696666393,-0.773718759665408
gkq0rsrqluty56kutfgcoexfmf76,pzdj7@gmail.com,17.0,ULTRA FC 250 ML,minuman manis,1,7500.0,2024-02-09,,110.435386169404,-0.774046651180352
yc3b5tfmztyxia0hutaet44qe1k8,ai252@gmail.com,53.0,SR TWR SPC,makanan pokok,3,15000.0,2024-01-22,,110.43431765118,-0.773224414075995
hg3g6i8mq66w77gn3pgk9yvrebdh,mezij@gmail.com,52.0,INDF IC RB RD VLT55,makanan pokok,1,4500.0,2024-04-21,,110.43382653745,-0.772987230362667
1mr9rc8su3g6493m0bt07l4ftp4z,ag1ar@gmail.com,26.0,CIMORY BLYC120G,minuman manis,3,8500.0,2024-06-12,,110.435688107578,-0.773213012456166
aocoaouae82a2n4njs23s5la63b3,smjmc@gmail.com,26.0,IDM KCNG BUMBU 150G,makanan pokok,2,9900.0,2024-03-31,,110.435540670799,-0.773495587008899
evek1lrur3le1s8rcqie8r6auwqj,e57wv@gmail.com,56.0,ICHITAN MLK BRWN 300,minuman manis,1,9900.0,2024-02-12,,110.434064455303,-0.772595603495468
ugkc9mqyy4ppfresotyijclyyv3y,ywjzn@gmail.com,49.0,AQUA AIR MINERAL 1500,minuman sehat,3,6600.0,2024-03-10,,110.435619699162,-0.773274015827138
vhmmypmo3u5x861y72ju8jw69a59,wya2b@gmail.com,52.0,TESSA FAC LOONEY TP3,personal hygiene,1,7500.0,2024-05-02,,110.435591949241,-0.773003390586301
yc3b5tfmztyxia0hutaet44qe1k8,ai252@gmail.com,53.0,FOREST PCH480ML,minuman manis,2,9300.0,2024-07-28,,110.434192928961,-0.772493308543014
vwgz1yxtelsye6ptwi8u9e2tppdj,oi5xs@gmail.com,34.0,YUPI NEON 45G,makanan manis,4,5500.0,2024-06-29,,110.436846679505,-0.772798759310172
78v9qdm9101zuc5kbei4zhx1cvgg,g9lab@gmail.com,50.0,CIMORY BLYC120G,minuman manis,3,8500.0,2024-09-21,,110.434783155608,-0.771824798061681
94plj3fnifeu7vfeewcte1phij5y,b3elr@gmail.com,55.0,ULTRA FC 250 ML,minuman manis,1,7500.0,2024-09-13,,110.43395690031,-0.772337206135962
id4x78m5hyjovogxr61lbyppfu45,su5pt@gmail.com,29.0,B/P MANGGA HARUM MNS,makanan manis,1,10000.0,2024-06-14,,110.435665708206,-0.774186393821622
26km9x5uo6ry4da6gkgrnhdbai31,b76c7@gmail.com,56.0,CHUPA GUM FR11G,makanan manis,2,5500.0,2024-10-30,,110.435151046837,-0.773066460064367
842uk8dmirxl4rxwl5s6m6boautu,9fz2v@gmail.com,50.0,ICHITAN MLK BRWN 300,minuman manis,3,9900.0,2024-04-11,,110.436011017017,-0.773183636438143
id4x78m5hyjovogxr61lbyppfu45,su5pt@gmail.com,29.0,IDM KCNG BUMBU 150G,makanan pokok,2,9900.0,2024-07-09,,110.436196058611,-0.77242534737276
pamwi4vgfn2flrweia4ns2alnmff,3v311@gmail.com,22.0,POKKA GRN TEA NS 450,minuman sehat,4,10200.0,2024-07-06,,110.434121825702,-0.773540916686207
i4f9dghptxzvfvmbqzznu1479xxe,a8mh4@gmail.com,24.0,POKKA GREEN TEA 450,minuman manis,4,7300.0,2024-12-07,,110.434756510909,-0.772892676196636
8d42f43dejwi6vygfm57ql8rr5vu,kdaox@gmail.com,27.0,GG SURYA CKT16,produk dewasa,2,36700.0,2024-12-03,,110.436377632945,-0.772972970496661
qvgf7xdeuqeeosgxrm8o3f2q7jht,spdkd@gmail.com,27.0,KNZLER SNGLES ORG 65,makanan gurih,4,9000.0,2024-09-09,,110.434536963322,-0.77306936742952
em1tb069kkesc17xqiv3cgw7fso4,628ho@gmail.com,52.0,CHUPA BELT 8G,makanan manis,4,3000.0,2024-11-17,,110.436289640793,-0.773376556356559
yc3b5tfmztyxia0hutaet44qe1k8,ai252@gmail.com,53.0,GG SURYA 12,produk dewasa,2,27200.0,2024-07-21,,110.43428864877,-0.77238775942347
jljk74mpvc5jieq4ze3flwrt8yot,nnmd3@gmail.com,25.0,BENG2 SHARE 10S,makanan manis,4,16400.0,2024-09-23,,110.4361369885,-0.773305187343247
em1tb069kkesc17xqiv3cgw7fso4,628ho@gmail.com,52.0,NIPISMADU 330ML,minuman manis,2,3900.0,2024-10-21,,110.437331532553,-0.774061700188299
2ujmagarrrn00a32fdzg9ydom0c3,ua2cs@gmail.com,57.0,CHUPA GUM FR11G,makanan manis,2,5500.0,2024-01-23,,110.435242816677,-0.772574209831081
ixjzypetoch9df2f26ne1d1oyi0m,e4io4@gmail.com,27.0,AQUA AIR MINERAL 600,minuman sehat,4,3500.0,2024-06-04,,110.434807545303,-0.77281419190201
6wtz0wtxonv5hukq3vq4l3c278ve,vaqyk@gmail.com,54.0,KP POLOS,unknown,1,500.0,2024-03-25,,110.433781798871,-0.772531152990668
sg89ckc9u1w0bojptjldka5xh8gh,r5dwv@gmail.com,39.0,INDF IC RB RD VLT55,makanan pokok,4,4500.0,2024-10-30,,110.434500500947,-0.77264507329036
4djfz17nhpr7oqmy2a3qrkne9s9v,wehjh@gmail.com,48.0,KNZLR SGL GJ65G,makanan gurih,2,8900.0,2024-01-28,,110.434424282477,-0.773524042985415
tvjq46og8i101ewtbojsykg6i5ni,byr1g@gmail.com,57.0,TESSA FAC LOONEY TP3,personal hygiene,4,7500.0,2024-07-22,,110.435912304696,-0.774397815882339
qmyo9mh1k4afhgyfp5z525mdel76,q43iz@gmail.com,51.0,CIMORY BLYC120G,minuman manis,3,8500.0,2024-04-12,,110.436892668035,-0.772156554418303
pahle977w7o5yn949h2w4a7ipaku,e536m@gmail.com,17.0,IDM KCNG BUMBU 150G,makanan pokok,1,9900.0,2024-04-04,,110.435684400804,-0.773193855010577
8gvawe84eauowueunh7c8g5gtdvc,orgen@gmail.com,57.0,KANZER BAKSO HOT 55G,makanan gurih,4,9000.0,2024-05-18,,110.437499439134,-0.772999926148409
0zibfx7nflamwhywmxj8k7tmf85c,scqai@gmail.com,56.0,GG SURYA 12,produk dewasa,3,27200.0,2024-09-07,,110.434872235993,-0.772965849582703
pahle977w7o5yn949h2w4a7ipaku,e536m@gmail.com,17.0,POKKA GREEN TEA 450,minuman manis,1,7300.0,2024-07-02,,110.435956182565,-0.773364167947056
gkq0rsrqluty56kutfgcoexfmf76,pzdj7@gmail.com,17.0,POKKA GRN TEA NS 450,minuman sehat,3,10200.0,2024-04-01,,110.434928598514,-0.77336247423138
78v9qdm9101zuc5kbei4zhx1cvgg,g9lab@gmail.com,50.0,MD ALMOND RING,makanan manis,3,7500.0,2024-09-03,,110.43493361398,-0.773627017437733
uihyr2cfbb3wc756zw8aqapxuik1,24mpd@gmail.com,37.0,RTE ONGR AY PDS,makanan gurih,3,10000.0,2024-10-15,,110.434597706134,-0.773948975982454
yss2fpc6uiw0iyvqvtd2s9w4fcge,5mx7o@gmail.com,50.0,KNZLER SNGLES ORG 65,makanan gurih,4,9000.0,2024-01-11,,110.437392502006,-0.774061610595135
78v9qdm9101zuc5kbei4zhx1cvgg,g9lab@gmail.com,50.0,CHUPA BELT 8G,makanan manis,1,3000.0,2024-06-21,,110.436368332663,-0.773221340965671
4fzevl9ot4d4qx3r9g4o1uq9foht,nuuek@gmail.com,35.0,CHUPA GUM FR11G,makanan manis,1,5500.0,2024-04-02,,110.43586708821,-0.773747494582342
pkee6upe4erulwzc8rkjb8wxzelt,e4aq4@gmail.com,35.0,KNZLER SNGLES ORG 65,makanan gurih,4,9000.0,2024-05-09,,110.435600459793,-0.773973558257368
cw43tqho5u4kfk9oz272fnbuqr9u,78c62@gmail.com,27.0,CIMORY BLYC120G,minuman manis,4,8500.0,2024-01-26,,110.435481131329,-0.772599004104097
mj50w5tx6lj047iy84e67l2w609b,ayidb@gmail.com,25.0,INDOMIE RDG 91G,makanan pokok,3,3100.0,2024-02-13,,110.436459115467,-0.772042229772365
6tidoowx22vgaljjdbq9zvpw8ici,jzjkc@gmail.com,29.0,CCBB STR STK 5S,makanan gurih,3,16800.0,2024-11-30,,110.433714385104,-0.772746289301989
6tidoowx22vgaljjdbq9zvpw8ici,jzjkc@gmail.com,29.0,GATSBY CLG. D/OCN. 175,personal hygiene,1,22000.0,2024-04-27,,110.435792108838,-0.772266835223701
wso4if5wvizwn3gklu4dq2d3b7y4,o2j5l@gmail.com,53.0,MD ALMOND RING,makanan manis,4,7500.0,2024-08-07,,110.435585223876,-0.772958670758204
5abbfdce05004c4aaba9f8cd2cc1,user@example.com,,ROTI SWiK,makanan manis,1,4500.0,2017-05-19,"ALFAMART STA.KARET
PT.SUMBER ALFARIA TRIJAYA, TBK
MH.THAMRIN NO.5, CIKOKOL, TANGERANG",,
12c0feab5fdb4a59804b198a71b4,user@example.com,,"2 DOUBLE DIP, 1 tky, bow! barley, 1 past, bow] barley",makanan gurih,1,27.98,2017-03-05,"BENS BAYSIDE
211-37 26th Avenue
Bayside, NY 11360",,
12c0feab5fdb4a59804b198a71b4,user@example.com,,1 KNISH,makanan gurih,1,0.0,2017-03-05,"BENS BAYSIDE
211-37 26th Avenue
Bayside, NY 11360",,
12c0feab5fdb4a59804b198a71b4,user@example.com,,1 ROUND,makanan gurih,1,3.33,2017-03-05,"BENS BAYSIDE
211-37 26th Avenue
Bayside, NY 11360",,
12c0feab5fdb4a59804b198a71b4,user@example.com,,1 KASHE SIDE,makanan pokok,1,3.93,2017-03-05,"BENS BAYSIDE
211-37 26th Avenue
Bayside, NY 11360",,
12c0feab5fdb4a59804b198a71b4,user@example.com,,1 COFFEE,minuman manis,1,1.938,2017-03-05,"BENS BAYSIDE
211-37 26th Avenue
Bayside, NY 11360",,
12c0feab5fdb4a59804b198a71b4,user@example.com,,2 WATER,minuman sehat,1,0.0,2017-03-05,"BENS BAYSIDE
211-37 26th Avenue
Bayside, NY 11360",,
5a2e6fbefa1d4afcb02a385e7e9d,user@example.com,,"2 DOUBLE DIP, 1 tky, bow! barley, 1 past, bow] barley",makanan gurih,1,27.98,2017-03-05,"BENS BAYSIDE
211-37 26th Avenue
Bayside, NY 11360",,
5a2e6fbefa1d4afcb02a385e7e9d,user@example.com,,KNISH,makanan gurih,1,0.0,2017-03-05,"BENS BAYSIDE
211-37 26th Avenue
Bayside, NY 11360",,
5a2e6fbefa1d4afcb02a385e7e9d,user@example.com,,ROUND,makanan gurih,1,3.33,2017-03-05,"BENS BAYSIDE
211-37 26th Avenue
Bayside, NY 11360",,
5a2e6fbefa1d4afcb02a385e7e9d,user@example.com,,KASHE SIDE,makanan pokok,1,3.93,2017-03-05,"BENS BAYSIDE
211-37 26th Avenue
Bayside, NY 11360",,
5a2e6fbefa1d4afcb02a385e7e9d,user@example.com,,COFFEE,minuman manis,1,1.938,2017-03-05,"BENS BAYSIDE
211-37 26th Avenue
Bayside, NY 11360",,
5a2e6fbefa1d4afcb02a385e7e9d,user@example.com,,2 WATER,minuman sehat,1,0.0,2017-03-05,"BENS BAYSIDE
211-37 26th Avenue
Bayside, NY 11360",,
cRhSg03WWwuTaNEl2Ykj,user@example.com,,"2 DOUBLE DIP, 1 tky, bow! barley, 1 past, bow] barley",makanan gurih,1,27.98,2017-03-05,"BENS BAYSIDE
211-37 26th Avenue
Bayside, NY 11360",,
cRhSg03WWwuTaNEl2Ykj,user@example.com,,1 KNISH,makanan gurih,1,0.0,2017-03-05,"BENS BAYSIDE
211-37 26th Avenue
Bayside, NY 11360",,
cRhSg03WWwuTaNEl2Ykj,user@example.com,,1 ROUND,makanan gurih,1,3.33,2017-03-05,"BENS BAYSIDE
211-37 26th Avenue
Bayside, NY 11360",,
cRhSg03WWwuTaNEl2Ykj,user@example.com,,1 KASHE SIDE,makanan pokok,1,3.93,2017-03-05,"BENS BAYSIDE
211-37 26th Avenue
Bayside, NY 11360",,
cRhSg03WWwuTaNEl2Ykj,user@example.com,,1 COFFEE,minuman manis,1,1.938,2017-03-05,"BENS BAYSIDE
211-37 26th Avenue
Bayside, NY 11360",,
cRhSg03WWwuTaNEl2Ykj,user@example.com,,2 WATER,minuman sehat,1,0.0,2017-03-05,"BENS BAYSIDE
211-37 26th Avenue
Bayside, NY 11360",,
cRhSg03WWwuTaNEl2Ykj,user@example.com,,"2 DOUBLE DIP, 1 tky, bow! barley, 1 past, bow] barley",makanan gurih,1,27.98,2017-03-05,"BENS BAYSIDE
211-37 26th Avenue
Bayside, NY 11360
Phone: (718)229-2367
mail: Bayside@BensDeli -net",,
cRhSg03WWwuTaNEl2Ykj,user@example.com,,KNISH,makanan gurih,1,0.0,2017-03-05,"BENS BAYSIDE
211-37 26th Avenue
Bayside, NY 11360
Phone: (718)229-2367
mail: Bayside@BensDeli -net",,
cRhSg03WWwuTaNEl2Ykj,user@example.com,,ROUND,makanan gurih,1,3.33,2017-03-05,"BENS BAYSIDE
211-37 26th Avenue
Bayside, NY 11360
Phone: (718)229-2367
mail: Bayside@BensDeli -net",,
cRhSg03WWwuTaNEl2Ykj,user@example.com,,KASHE SIDE,makanan pokok,1,3.93,2017-03-05,"BENS BAYSIDE
211-37 26th Avenue
Bayside, NY 11360
Phone: (718)229-2367
mail: Bayside@BensDeli -net",,
cRhSg03WWwuTaNEl2Ykj,user@example.com,,COFFEE,minuman manis,1,1.938,2017-03-05,"BENS BAYSIDE
211-37 26th Avenue
Bayside, NY 11360
Phone: (718)229-2367
mail: Bayside@BensDeli -net",,
cRhSg03WWwuTaNEl2Ykj,user@example.com,,2 WATER,minuman sehat,1,0.0,2017-03-05,"BENS BAYSIDE
211-37 26th Avenue
Bayside, NY 11360
Phone: (718)229-2367
mail: Bayside@BensDeli -net",,
cRhSg03WWwuTaNEl2Ykj,firli17@gmail.com,,"2 DOUBLE DIP, 1 tky, bow! barley, 1 past, bow] barley",makanan gurih,1,27.98,2017-03-05,"BENS BAYSIDE
211-37 26th Avenue
Bayside, NY 11360",,
cRhSg03WWwuTaNEl2Ykj,firli17@gmail.com,,KNISH,makanan gurih,1,0.0,2017-03-05,"BENS BAYSIDE
211-37 26th Avenue
Bayside, NY 11360",,
cRhSg03WWwuTaNEl2Ykj,firli17@gmail.com,,ROUND,makanan gurih,1,3.33,2017-03-05,"BENS BAYSIDE
211-37 26th Avenue
Bayside, NY 11360",,
cRhSg03WWwuTaNEl2Ykj,firli17@gmail.com,,KASHE SIDE,makanan pokok,1,3.93,2017-03-05,"BENS BAYSIDE
211-37 26th Avenue
Bayside, NY 11360",,
cRhSg03WWwuTaNEl2Ykj,firli17@gmail.com,,COFFEE,minuman manis,1,1.938,2017-03-05,"BENS BAYSIDE
211-37 26th Avenue
Bayside, NY 11360",,
cRhSg03WWwuTaNEl2Ykj,firli17@gmail.com,,2 WATER,minuman sehat,1,0.0,2017-03-05,"BENS BAYSIDE
211-37 26th Avenue
Bayside, NY 11360",,
cRhSg03WWwuTaNEl2Ykj,firli17@gmail.com,,"2 DOUBLE DIP, 1 tky, bow! barley, 1 past, bow] barley",makanan gurih,1,27.98,2017-03-05,"BENS BAYSIDE
211-37 26th Avenue
Bayside, NY 11360",,
cRhSg03WWwuTaNEl2Ykj,firli17@gmail.com,,1 KNISH,makanan gurih,1,0.0,2017-03-05,"BENS BAYSIDE
211-37 26th Avenue
Bayside, NY 11360",,
cRhSg03WWwuTaNEl2Ykj,firli17@gmail.com,,1 ROUND,makanan gurih,1,3.33,2017-03-05,"BENS BAYSIDE
211-37 26th Avenue
Bayside, NY 11360",,
cRhSg03WWwuTaNEl2Ykj,firli17@gmail.com,,1 KASHE SIDE,makanan pokok,1,3.93,2017-03-05,"BENS BAYSIDE
211-37 26th Avenue
Bayside, NY 11360",,
cRhSg03WWwuTaNEl2Ykj,firli17@gmail.com,,1 COFFEE,minuman manis,1,1.938,2017-03-05,"BENS BAYSIDE
211-37 26th Avenue
Bayside, NY 11360",,
cRhSg03WWwuTaNEl2Ykj,firli17@gmail.com,,2 WATER,minuman sehat,1,0.0,2017-03-05,"BENS BAYSIDE
211-37 26th Avenue
Bayside, NY 11360",,
cRhSg03WWwuTaNEl2Ykj,firli17@gmail.com,,"2 DOUBLE DIP, 1 tky, bow! barley, 1 past, bow] barley",makanan gurih,1,27.98,2017-03-05,"BENS BAYSIDE
211-37 26th Avenue
Bayside, NY 11360",,
cRhSg03WWwuTaNEl2Ykj,firli17@gmail.com,,KNISH,makanan gurih,1,0.0,2017-03-05,"BENS BAYSIDE
211-37 26th Avenue
Bayside, NY 11360",,
cRhSg03WWwuTaNEl2Ykj,firli17@gmail.com,,ROUND,makanan gurih,1,3.33,2017-03-05,"BENS BAYSIDE
211-37 26th Avenue
Bayside, NY 11360",,
cRhSg03WWwuTaNEl2Ykj,firli17@gmail.com,,KASHE SIDE,makanan pokok,1,3.93,2017-03-05,"BENS BAYSIDE
211-37 26th Avenue
Bayside, NY 11360",,
cRhSg03WWwuTaNEl2Ykj,firli17@gmail.com,,COFFEE,minuman manis,1,1.938,2017-03-05,"BENS BAYSIDE
211-37 26th Avenue
Bayside, NY 11360",,
cRhSg03WWwuTaNEl2Ykj,firli17@gmail.com,,2 WATER,minuman sehat,1,0.0,2017-03-05,"BENS BAYSIDE
211-37 26th Avenue
Bayside, NY 11360",,
cRhSg03WWwuTaNEl2Ykj,firli17@gmail.com,,"2 DOUBLE DIP, 1 tky, bow! barley, 1 past, bow] barley",makanan gurih,1,27.98,2017-03-05,"BENS BAYSIDE
211-37 26th Avenue
Bayside, NY 11360",,
cRhSg03WWwuTaNEl2Ykj,firli17@gmail.com,,KNISH,makanan gurih,1,0.0,2017-03-05,"BENS BAYSIDE
211-37 26th Avenue
Bayside, NY 11360",,
cRhSg03WWwuTaNEl2Ykj,firli17@gmail.com,,ROUND,makanan gurih,1,3.33,2017-03-05,"BENS BAYSIDE
211-37 26th Avenue
Bayside, NY 11360",,
cRhSg03WWwuTaNEl2Ykj,firli17@gmail.com,,KASHE SIDE,makanan pokok,1,3.93,2017-03-05,"BENS BAYSIDE
211-37 26th Avenue
Bayside, NY 11360",,
cRhSg03WWwuTaNEl2Ykj,firli17@gmail.com,,COFFEE,minuman manis,1,1.938,2017-03-05,"BENS BAYSIDE
211-37 26th Avenue
Bayside, NY 11360",,
cRhSg03WWwuTaNEl2Ykj,firli17@gmail.com,,2 WATER,minuman sehat,1,0.0,2017-03-05,"BENS BAYSIDE
211-37 26th Avenue
Bayside, NY 11360",,
cRhSg03WWwuTaNEl2Ykj,firli17@gmail.com,,BUCATINI,makanan pokok,1,4.0,2016-10-06,"Peer an Food, 1e90, CA 82101",,
cRhSg03WWwuTaNEl2Ykj,firli17@gmail.com,,RAVIOLO,makanan pokok,1,7.0,2016-10-06,"Peer an Food, 1e90, CA 82101",,
cRhSg03WWwuTaNEl2Ykj,firli17@gmail.com,,BT TURNBULL NAPA,minuman manis,1,90.0,2016-10-06,"Peer an Food, 1e90, CA 82101",,
cRhSg03WWwuTaNEl2Ykj,firli17@gmail.com,,HALIBUT,makanan gurih,1,38.0,2016-10-06,"Peer an Food, 1e90, CA 82101",,
cRhSg03WWwuTaNEl2Ykj,firli17@gmail.com,,YODEL,makanan manis,1,12.0,2016-10-06,"Peer an Food, 1e90, CA 82101",,
cRhSg03WWwuTaNEl2Ykj,firli17@gmail.com,,MILK & HONEY,minuman manis,1,10.0,2016-10-06,"Peer an Food, 1e90, CA 82101",,
cRhSg03WWwuTaNEl2Ykj,firli17@gmail.com,,COFFEE SM,minuman manis,1,6.0,2016-10-06,"Peer an Food, 1e90, CA 82101",,
cRhSg03WWwuTaNEl2Ykj,firli17@gmail.com,,GL ROUND POND SB,minuman manis,1,13.0,2016-10-06,"Peer an Food, 1e90, CA 82101",,
cRhSg03WWwuTaNEl2Ykj,firli17@gmail.com,,OCTOPUS,makanan gurih,1,16.0,2016-10-06,"Peer an Food, 1e90, CA 82101",,
cRhSg03WWwuTaNEl2Ykj,firli17@gmail.com,,BEEF TARTARE,makanan gurih,1,12.0,2016-10-06,"Peer an Food, 1e90, CA 82101",,
cRhSg03WWwuTaNEl2Ykj,firli17@gmail.com,,FINLANDIA (WELL) SMARTINE,minuman manis,1,11.0,2016-10-06,"Peer an Food, 1e90, CA 82101",,
cRhSg03WWwuTaNEl2Ykj,firli17@gmail.com,,HALIBUT,makanan gurih,1,38.0,2016-10-06,"Peer an Food, 1e90, CA 82101",,
cRhSg03WWwuTaNEl2Ykj,firli17@gmail.com,,SNAPPER,makanan gurih,1,28.0,2016-10-06,"Peer an Food, 1e90, CA 82101",,
cRhSg03WWwuTaNEl2Ykj,firli17@gmail.com,,ROTI SWISS,makanan manis,1,4500.0,2017-05-19,"ALFAMART STA.KARET
PT.SUMBER ALFARIA TRIJAYA, TBK
MH.THAMRIN NO.5, CIKOKOL, TANGERANG",,
cRhSg03WWwuTaNEl2Ykj,firli17@gmail.com,,SUNLG MINT 755,minuman manis,1,25200.0,2027-03-10,"ALFAMART CILANDAK KKO 5
PT. SUMBER ALFARIA TRIJAYA TBK
ALFA TOWER LT.12, ALAM SUTERA, TANGERANG",,
